Workbook

Sheet README
A1: Australian International Trade, 2016 to 2025
A2: 32146 Visual Analytics, Assessment Task 3. Student 24503993.
A4: How to read this workbook
A5: Every number in the analysis sheets is a live formula. The two dataset sheets hold the source data and no formula.
A6: All money values are in $ Millions, which is the unit the source uses.
A7: The focus main category is 3, Mineral fuels, lubricants and related materials.
A8: The focus subcategory is 33, Petroleum, petroleum products and related materials.
A9: Growth, share and CAGR columns are fractions shown as percentages.
A10: The dashboard and the storyboard read this workbook, so a change here changes the charts.
A12: The dashboard and the storyboard
A13: The live dashboard and storyboard URL is printed on the report title page.
A15: Sheets
A16: Sheet | B16: What it holds
A17: Keys | B17: Numeric year keys that the trend and forecast formulas read.
A18: Export-dataset | B18: The source export data, copied without any change.
A19: Import-dataset | B19: The source import data, copied without any change.
A20: Export-tidy | B20: The export data in long format, one row per category and year.
A21: Import-tidy | B21: The import data in long format, one row per category and year.
A22: Main-Analytics | B22: Growth, index, share, CAGR and growth contribution for the 10 main categories.
A23: Main-Stats | B23: Mean, median, spread, trend and the outlier z-score for the 10 main categories.
A24: Balance | B24: Export minus import, and the cover ratio, by main category.
A25: Correlation | B25: How the main categories move against each other.
A26: ChangePoints | B26: The largest rise and the largest fall in each year, with a possible cause.
A27: Cat3-SubAnalytics | B27: Main category 3 against subcategories 32, 33 and 34.
... A38: Chart-Pet33 | B38: The focus subcategory. Export against import, the balance, and the forecast.

Sheet Keys
A1: Numeric keys used by the trend and forecast formulas
A2: Index | B2: Year | C2: Forecast year
A3: 1 | B3: 2016 | C3: 2026
A4: 2 | B4: 2017 | C4: 2027
A5: 3 | B5: 2018 | C5: 2028
A6: 4 | B6: 2019 | C6: 2029
A7: 5 | B7: 2020 | C7: 2030
A8: 6 | B8: 2021
A9: 7 | B9: 2022
A10: 8 | B10: 2023
A11: 9 | B11: 2024
A12: 10 | B12: 2025

Sheet Export-dataset
A1: Export | B1: 0 Food and live animals ; | C1: 00 Live animals (excl. fish (not marine mammals) crustaceans, molluscs and aquatic invertebrates of SITC Division 03) ; | D1: 01 Meat and meat preparations ; | E1: 02 Dairy products and birds’ eggs ; | F1: 03 Fish (excl. marine mammals) crustaceans, molluscs and aquatic invertebrates, and preparations thereof (excl. extracts and juices of fish, crustaceans, molluscs or other aquatic invertebrates, prepared or preserved of SITC 01710) ; | G1: 04 Cereals and cereal preparations ; | H1: 05 Vegetables and fruit ; | I1: 06 Sugars, sugar preparations and honey ; | J1: 07 Coffee, tea, cocoa, spices, and manufactures thereof ; | K1: 08 Feeding stuff for animals (excl. unmilled cereals) ; | L1: 09 Miscellaneous edible products and preparations ; | M1: 1 Beverages and tobacco ; | N1: 11 Beverages ; | O1: 12 Tobacco and tobacco manufactures ; | P1: 2 Crude materials, inedible, except fuels ; | Q1: 21 Hides, skins and furskins, raw ; | R1: 22 Oil-seeds and oleaginous fruits ; | S1: 23 Crude rubber (incl. synthetic and reclaimed) ; | T1: 24 Cork and wood ; | U1: 25 Pulp and waste paper ; | V1: 26 Textile fibres (excl. wool tops and other combed wool) and their wastes, not manufactured into yarn or fabric ; | W1: 27 Crude fertilizers (excl. those of Division 56) and crude minerals (excl. coal, petroleum and precious stones) ; | X1: 28 Metalliferous ores and metal scrap ; | Y1: 29 Crude animal and vegetable materials, nes ; | Z1: 3 Mineral fuels, lubricants and related materials ; | AA1: 32 Coal, coke and briquettes ; | AB1: 33 Petroleum, petroleum products and related materials ; | AC1: 34 Gas, natural and manufactured ; | AD1: 4 Animal and vegetable oils, fats and waxes ; | AE1: 41 Animal oils and fats ; | AF1: 42 Fixed vegetable fats and oils, crude, refined or fractionated ; | AG1: 43 Animal or vegetable fats and oils, processed; waxes of animal or vegetable origin; inedible mixtures or preparations of animal or vegetable fats or oils, nes ; | AH1: 5 Chemicals and related products, nes ; | AI1: 51 Organic chemicals ; | AJ1: 52 Inorganic chemicals ; | AK1: 53 Dyeing, tanning and colouring materials ; | AL1: 54 Medicinal and pharmaceutical products ; | AM1: 55 Essential oils and resinoids and perfume materials; toilet, polishing and cleansing preparations ; | AN1: 56 Fertilisers (excl. those of group 272) ; | AO1: 57 Plastics in primary forms ; | AP1: 58 Plastics in non-primary forms ; | AQ1: 59 Chemical materials and products, nes ; | AR1: 6 Manufactured goods classified chiefly by material ; | AS1: 61 Leather, leather manufactures, nes, and dressed furskins ; | AT1: 62 Rubber manufactures, nes ; | AU1: 63 Cork and wood manufactures (excl. furniture) ; | AV1: 64 Paper, paperboard and articles of paper pulp, of paper or of paperboard ; | AW1: 65 Textile yarn, fabrics, made-up articles nes, and related products ; | AX1: 66 Non-metallic mineral manufactures, nes ; | AY1: 67 Iron and steel ; | AZ1: 68 Non-ferrous metals ; | BA1: 69 Manufactures of metals, nes ; | BB1: 7 Machinery and transport equipment ; | BC1: 71 Power generating machinery and equipment ; | BD1: 72 Machinery specialized for particular industries ; | BE1: 73 Metalworking machinery ; | BF1: 74 General industrial machinery and equipment, nes, and machine parts, nes ; | BG1: 75 Office machines and automatic data processing machines ; | BH1: 76 Telecommunications and sound recording and reproducing apparatus and equipment ; | BI1: 77 Electrical machinery, apparatus and appliances, nes, and electrical parts thereof (incl. non electrical counterparts, nes, of electrical household type equipment) ; | BJ1: 78 Road vehicles (incl. air-cushion vehicles) ; | BK1: 79 Transport equipment (excl. road vehicles) ; | BL1: 8 Miscellaneous manufactured articles ; | BM1: 81 Prefabricated buildings and sanitary, plumbing, heating and lighting fixtures and fittings, nes ; | BN1: 82 Furniture and parts thereof; bedding, mattresses, mattress supports, cushions and similar stuffed furnishings ; | BO1: 83 Travel goods, handbags and similar containers ; | BP1: 84 Articles of apparel and clothing accessories ; | BQ1: 85 Footwear ; | BR1: 87 Professional, scientific and controlling instruments and apparatus, nes ; | BS1: 88 Photographic apparatus, equipment and supplies and optical goods, nes; watches and clocks ; | BT1: 89 Miscellaneous manufactured articles, nes ; | BU1: 9 Commodities and transactions not classified elsewhere in the SITC ; | BV1: 93 Special transactions and commodities not classified according to kind ; | BW1: 95 Gold coin whether or not legal tender, and other coin being legal tender ; | BX1: 96 Coin (excl. gold coin) not being legal tender ; | BY1: 97 Gold, non-monetary (excl. gold ores and concentrates) ; | BZ1: 98 Combined confidential items excluding some of SITC 28099 (exports only) and some of SITC 51099 (imports only) ; | CA1: -1 TOTAL ;
A2: Unit | B2: $ Millions | C2: $ Millions | D2: $ Millions | E2: $ Millions | F2: $ Millions | G2: $ Millions | H2: $ Millions | I2: $ Millions | J2: $ Millions | K2: $ Millions | L2: $ Millions | M2: $ Millions | N2: $ Millions | O2: $ Millions | P2: $ Millions | Q2: $ Millions | R2: $ Millions | S2: $ Millions | T2: $ Millions | U2: $ Millions | V2: $ Millions | W2: $ Millions | X2: $ Millions | Y2: $ Millions | Z2: $ Millions | AA2: $ Millions | AB2: $ Millions | AC2: $ Millions | AD2: $ Millions | AE2: $ Millions | AF2: $ Millions | AG2: $ Millions | AH2: $ Millions | AI2: $ Millions | AJ2: $ Millions | AK2: $ Millions | AL2: $ Millions | AM2: $ Millions | AN2: $ Millions | AO2: $ Millions | AP2: $ Millions | AQ2: $ Millions | AR2: $ Millions | AS2: $ Millions | AT2: $ Millions | AU2: $ Millions | AV2: $ Millions | AW2: $ Millions | AX2: $ Millions | AY2: $ Millions | AZ2: $ Millions | BA2: $ Millions | BB2: $ Millions | BC2: $ Millions | BD2: $ Millions | BE2: $ Millions | BF2: $ Millions | BG2: $ Millions | BH2: $ Millions | BI2: $ Millions | BJ2: $ Millions | BK2: $ Millions | BL2: $ Millions | BM2: $ Millions | BN2: $ Millions | BO2: $ Millions | BP2: $ Millions | BQ2: $ Millions | BR2: $ Millions | BS2: $ Millions | BT2: $ Millions | BU2: $ Millions | BV2: $ Millions | BW2: $ Millions | BX2: $ Millions | BY2: $ Millions | BZ2: $ Millions | CA2: $ Millions
A3: Series ID | B3: A1827804K | C3: A1827805L | D3: A1827806R | E3: A1827807T | F3: A1827808V | G3: A1827809W | H3: A1827810F | I3: A1827811J | J3: A1827812K | K3: A1827813L | L3: A1827814R | M3: A1827815T | N3: A1827816V | O3: A1827817W | P3: A1827818X | Q3: A1827819A | R3: A1827820K | S3: A1827821L | T3: A1827822R | U3: A1827823T | V3: A1827824V | W3: A1827825W | X3: A1827826X | Y3: A1827827A | Z3: A1827828C | AA3: A1827829F | AB3: A1827830R | AC3: A1827831T | AD3: A1827832V | AE3: A1827833W | AF3: A1827834X | AG3: A1827835A | AH3: A1827836C | AI3: A1827837F | AJ3: A1827838J | AK3: A1827839K | AL3: A1827840V | AM3: A1827841W | AN3: A1827842X | AO3: A1827843A | AP3: A1827844C | AQ3: A1827845F | AR3: A1827846J | AS3: A1827847K | AT3: A1827848L | AU3: A1827849R | AV3: A1827850X | AW3: A1827851A | AX3: A1827852C | AY3: A1827853F | AZ3: A1827854J | BA3: A1827855K | BB3: A1827856L | BC3: A1827857R | BD3: A1827858T | BE3: A1827859V | BF3: A1827860C | BG3: A1827861F | BH3: A1827862J | BI3: A1827863K | BJ3: A1827864L | BK3: A1827865R | BL3: A1827866T | BM3: A1827867V | BN3: A1827868W | BO3: A1827869X | BP3: A1827870J | BQ3: A1827871K | BR3: A1827872L | BS3: A1827873R | BT3: A1827874T | BU3: A1827875V | BV3: A1827876W | BW3: A1827877X | BX3: A1827878A | BY3: A1827879C | BZ3: A1827880L | CA3: A1827881R
A4: Y2016 | B4: 32621 | C4: 1874 | D4: 11088 | E4: 2208 | F4: 1379 | G4: 7580 | H4: 4153 | I4: 319 | J4: 363 | K4: 1174 | L4: 2478 | M4: 2679 | N4: 2610 | O4: 68 | P4: 83621 | Q4: 827 | R4: 1415 | S4: 7 | T4: 1769 | U4: 242 | V4: 4722 | W4: 665 | X4: 73494 | Y4: 476 | Z4: 67702 | AA4: 42273 | AB4: 6946 | AC4: 18480 | AD4: 675 | AE4: 422 | AF4: 217 | AG4: 37 | AH4: 8367 | AI4: 227 | AJ4: 657 | AK4: 847 | AL4: 3486 | AM4: 985 | AN4: 369 | AO4: 315 | AP4: 418 | AQ4: 1065 | AR4: 13406 | AS4: 184 | AT4: 246 | AU4: 111 | AV4: 984 | AW4: 268 | AX4: 1060 | AY4: 602 | AZ4: 8842 | BA4: 1107 | BB4: 15387 | BC4: 872 | BD4: 1872 | BE4: 161 | BF4: 2269 | BG4: 1542 | BH4: 1752 | BI4: 1691 | BJ4: 2940 | BK4: 2290 | BL4: 6558 | BM4: 136 | BN4: 133 | BO4: 64 | BP4: 328 | BQ4: 92 | BR4: 2532 | BS4: 409 | BT4: 2862 | BU4: 27452 | BV4: 1563 | BW4: 989 | BX4: 1 | BY4: 18857 | BZ4: 6043 | CA4: 258469
A5: Y2017 | B5: 36596 | C5: 1618 | D5: 11834 | E5: 2345 | F5: 1424 | G5: 9336 | H5: 5099 | I5: 330 | J5: 369 | K5: 1230 | L5: 3011 | M5: 3031 | N5: 2962 | O5: 67 | P5: 99473 | Q5: 808 | R5: 1906 | S5: 0 | T5: 1975 | U5: 277 | V5: 5852 | W5: 1575 | X5: 86583 | Y5: 496 | Z5: 91149 | AA5: 57133 | AB5: 7662 | AC5: 26355 | AD5: 680 | AE5: 390 | AF5: 241 | AG5: 49 | AH5: 8643 | AI5: 199 | AJ5: 702 | AK5: 959 | AL5: 3478 | AM5: 1180 | AN5: 265 | AO5: 339 | AP5: 443 | AQ5: 1072 | AR5: 14749 | AS5: 166 | AT5: 294 | AU5: 115 | AV5: 1013 | AW5: 274 | AX5: 902 | AY5: 917 | AZ5: 9957 | BA5: 1114 | BB5: 14638 | BC5: 742 | BD5: 1886 | BE5: 188 | BF5: 2191 | BG5: 1226 | BH5: 2012 | BI5: 1847 | BJ5: 2264 | BK5: 2283 | BL5: 6857 | BM5: 144 | BN5: 141 | BO5: 70 | BP5: 328 | BQ5: 115 | BR5: 2619 | BS5: 427 | BT5: 3017 | BU5: 25523 | BV5: 1474 | BW5: 677 | BX5: 1 | BY5: 17620 | BZ5: 5749 | CA5: 301334
A6: Y2018 | B6: 35271 | C6: 1825 | D6: 13605 | E6: 2481 | F6: 1469 | G6: 7326 | H6: 3567 | I6: 300 | J6: 393 | K6: 1359 | L6: 2946 | M6: 3377 | N6: 3318 | O6: 59 | P6: 106879 | Q6: 731 | R6: 1398 | S6: 15 | T6: 2218 | U6: 238 | V6: 6474 | W6: 2110 | X6: 93112 | Y6: 584 | Z6: 122269 | AA6: 66848 | AB6: 11191 | AC6: 44229 | AD6: 663 | AE6: 368 | AF6: 240 | AG6: 55 | AH6: 10510 | AI6: 201 | AJ6: 937 | AK6: 1029 | AL6: 4750 | AM6: 1346 | AN6: 320 | AO6: 298 | AP6: 443 | AQ6: 1185 | AR6: 17031 | AS6: 166 | AT6: 307 | AU6: 97 | AV6: 1145 | AW6: 273 | AX6: 927 | AY6: 1029 | AZ6: 11823 | BA6: 1265 | BB6: 15352 | BC6: 939 | BD6: 1833 | BE6: 275 | BF6: 2296 | BG6: 1284 | BH6: 2008 | BI6: 2078 | BJ6: 1693 | BK6: 2945 | BL6: 7288 | BM6: 162 | BN6: 152 | BO6: 80 | BP6: 336 | BQ6: 124 | BR6: 2765 | BS6: 440 | BT6: 3231 | BU6: 25975 | BV6: 1371 | BW6: 814 | BX6: 0 | BY6: 19136 | BZ6: 4651 | CA6: 344615
A7: Y2019 | B7: 37649 | C7: 2126 | D7: 16462 | E7: 2488 | F7: 1529 | G7: 5891 | H7: 4112 | I7: 268 | J7: 425 | K7: 1374 | L7: 2977 | M7: 3582 | N7: 3523 | O7: 59 | P7: 136415 | Q7: 579 | R7: 1051 | S7: 20 | T7: 2225 | U7: 183 | V7: 4844 | W7: 1717 | X7: 125211 | Y7: 584 | Z7: 126288 | AA7: 63941 | AB7: 12224 | AC7: 50124 | AD7: 647 | AE7: 359 | AF7: 243 | AG7: 47 | AH7: 11971 | AI7: 212 | AJ7: 754 | AK7: 1008 | AL7: 6249 | AM7: 1532 | AN7: 262 | AO7: 328 | AP7: 397 | AQ7: 1225 | AR7: 17567 | AS7: 141 | AT7: 325 | AU7: 108 | AV7: 1094 | AW7: 305 | AX7: 1005 | AY7: 1217 | AZ7: 11999 | BA7: 1372 | BB7: 16992 | BC7: 1064 | BD7: 1961 | BE7: 192 | BF7: 2456 | BG7: 1410 | BH7: 2657 | BI7: 2131 | BJ7: 1919 | BK7: 3208 | BL7: 8208 | BM7: 157 | BN7: 182 | BO7: 94 | BP7: 377 | BQ7: 122 | BR7: 3906 | BS7: 466 | BT7: 2901 | BU7: 30661 | BV7: 1239 | BW7: 861 | BX7: 0 | BY7: 23372 | BZ7: 5188 | CA7: 389981
A8: Y2020 | B8: 35628 | C8: 1949 | D8: 14705 | E8: 2544 | F8: 1229 | G8: 6440 | H8: 4127 | I8: 283 | J8: 447 | K8: 1310 | L8: 2591 | M8: 3283 | N8: 3246 | O8: 37 | P8: 151968 | Q8: 414 | R8: 1183 | S8: 10 | T8: 1669 | U8: 172 | V8: 2739 | W8: 1163 | X8: 144068 | Y8: 551 | Z8: 88821 | AA8: 43367 | AB8: 7755 | AC8: 37699 | AD8: 761 | AE8: 444 | AF8: 282 | AG8: 33 | AH8: 11092 | AI8: 227 | AJ8: 641 | AK8: 894 | AL8: 5547 | AM8: 1590 | AN8: 330 | AO8: 232 | AP8: 311 | AQ8: 1325 | AR8: 14708 | AS8: 112 | AT8: 260 | AU8: 103 | AV8: 934 | AW8: 276 | AX8: 736 | AY8: 920 | AZ8: 10215 | BA8: 1154 | BB8: 14678 | BC8: 1068 | BD8: 1769 | BE8: 138 | BF8: 2164 | BG8: 1300 | BH8: 2251 | BI8: 2006 | BJ8: 1598 | BK8: 2387 | BL8: 7376 | BM8: 161 | BN8: 136 | BO8: 112 | BP8: 387 | BQ8: 129 | BR8: 3526 | BS8: 432 | BT8: 2494 | BU8: 34408 | BV8: 1063 | BW8: 1303 | BX8: 2 | BY8: 25492 | BZ8: 6551 | CA8: 362728
A9: Y2021 | B9: 43540 | C9: 1646 | D9: 14801 | E9: 2947 | F9: 1207 | G9: 14105 | H9: 4512 | I9: 318 | J9: 476 | K9: 1424 | L9: 2105 | M9: 2523 | N9: 2503 | O9: 21 | P9: 198179 | Q9: 504 | R9: 3166 | S9: 11 | T9: 1338 | U9: 266 | V9: 5081 | W9: 1948 | X9: 185259 | Y9: 613 | Z9: 126395 | AA9: 63504 | AB9: 11715 | AC9: 51179 | AD9: 1085 | AE9: 669 | AF9: 360 | AG9: 54 | AH9: 10052 | AI9: 239 | AJ9: 808 | AK9: 1036 | AL9: 3630 | AM9: 1663 | AN9: 490 | AO9: 368 | AP9: 345 | AQ9: 1474 | AR9: 16703 | AS9: 160 | AT9: 257 | AU9: 96 | AV9: 948 | AW9: 333 | AX9: 570 | AY9: 793 | AZ9: 12328 | BA9: 1220 | BB9: 14728 | BC9: 872 | BD9: 1678 | BE9: 175 | BF9: 2230 | BG9: 1376 | BH9: 2331 | BI9: 2227 | BJ9: 1853 | BK9: 1988 | BL9: 8036 | BM9: 203 | BN9: 145 | BO9: 116 | BP9: 480 | BQ9: 119 | BR9: 3875 | BS9: 453 | BT9: 2646 | BU9: 36933 | BV9: 1789 | BW9: 2576 | BX9: 2 | BY9: 23281 | BZ9: 9283 | CA9: 458168
A10: Y2022 | B10: 53122 | C10: 1518 | D10: 16600 | E10: 3385 | F10: 1205 | G10: 20672 | H10: 5027 | I10: 321 | J10: 517 | K10: 1719 | L10: 2160 | M10: 2572 | N10: 2553 | O10: 19 | P10: 188296 | Q10: 454 | R10: 7762 | S10: 9 | T10: 1523 | U10: 307 | V10: 7710 | W10: 12384 | X10: 157451 | Y10: 692 | Z10: 251334 | AA10: 142345 | AB10: 17341 | AC10: 91648 | AD10: 1682 | AE10: 1080 | AF10: 538 | AG10: 64 | AH10: 12575 | AI10: 245 | AJ10: 1675 | AK10: 1068 | AL10: 4328 | AM10: 1768 | AN10: 731 | AO10: 303 | AP10: 451 | AQ10: 2007 | AR10: 19431 | AS10: 148 | AT10: 363 | AU10: 96 | AV10: 1014 | AW10: 356 | AX10: 604 | AY10: 1340 | AZ10: 14078 | BA10: 1430 | BB10: 16516 | BC10: 1027 | BD10: 1911 | BE10: 260 | BF10: 2489 | BG10: 1545 | BH10: 2337 | BI10: 2692 | BJ10: 2013 | BK10: 2245 | BL10: 9077 | BM10: 175 | BN10: 166 | BO10: 201 | BP10: 649 | BQ10: 141 | BR10: 4409 | BS10: 506 | BT10: 2834 | BU10: 39255 | BV10: 764 | BW10: 3046 | BX10: 9 | BY10: 23514 | BZ10: 11921 | CA10: 593865
A11: Y2023 | B11: 54749 | C11: 1236 | D11: 17798 | E11: 3000 | F11: 1346 | G11: 20628 | H11: 5891 | I11: 297 | J11: 509 | K11: 1737 | L11: 2314 | M11: 2548 | N11: 2524 | O11: 24 | P11: 202961 | Q11: 451 | R11: 5508 | S11: 14 | T11: 1435 | U11: 203 | V11: 7407 | W11: 19055 | X11: 168243 | Y11: 650 | Z11: 195549 | AA11: 103331 | AB11: 15760 | AC11: 76456 | AD11: 1609 | AE11: 1053 | AF11: 420 | AG11: 136 | AH11: 11484 | AI11: 221 | AJ11: 1264 | AK11: 920 | AL11: 4754 | AM11: 1686 | AN11: 338 | AO11: 277 | AP11: 385 | AQ11: 1643 | AR11: 19357 | AS11: 109 | AT11: 397 | AU11: 98 | AV11: 888 | AW11: 364 | AX11: 854 | AY11: 1256 | AZ11: 13950 | BA11: 1442 | BB11: 18604 | BC11: 1303 | BD11: 2113 | BE11: 272 | BF11: 3044 | BG11: 1489 | BH11: 2677 | BI11: 2954 | BJ11: 2180 | BK11: 2574 | BL11: 10517 | BM11: 170 | BN11: 188 | BO11: 188 | BP11: 706 | BQ11: 181 | BR11: 4871 | BS11: 576 | BT11: 3636 | BU11: 41247 | BV11: 612 | BW11: 2011 | BX11: 11 | BY11: 28352 | BZ11: 10257 | CA11: 558623
A12: Y2024 | B12: 52562 | C12: 1117 | D12: 21317 | E12: 3425 | F12: 1219 | G12: 13747 | H12: 7067 | I12: 298 | J12: 549 | K12: 1573 | L12: 2253 | M12: 3179 | N12: 3159 | O12: 20 | P12: 179588 | Q12: 532 | R12: 5005 | S12: 20 | T12: 1424 | U12: 242 | V12: 6498 | W12: 5137 | X12: 160100 | Y12: 635 | Z12: 170842 | AA12: 85445 | AB12: 15713 | AC12: 69682 | AD12: 1397 | AE12: 865 | AF12: 416 | AG12: 118 | AH12: 12272 | AI12: 215 | AJ12: 946 | AK12: 1162 | AL12: 5387 | AM12: 1705 | AN12: 437 | AO12: 294 | AP12: 412 | AQ12: 1718 | AR12: 20515 | AS12: 112 | AT12: 331 | AU12: 97 | AV12: 891 | AW12: 392 | AX12: 590 | AY12: 1332 | AZ12: 15294 | BA12: 1476 | BB12: 20484 | BC12: 1377 | BD12: 2346 | BE12: 286 | BF12: 3125 | BG12: 1580 | BH12: 2923 | BI12: 3219 | BJ12: 2259 | BK12: 3377 | BL12: 10974 | BM12: 191 | BN12: 169 | BO12: 178 | BP12: 773 | BQ12: 191 | BR12: 4081 | BS12: 611 | BT12: 4777 | BU12: 45169 | BV12: 565 | BW12: 1340 | BX12: 23 | BY12: 35703 | BZ12: 7536 | CA12: 516983
A13: Y2025 | B13: 62043 | C13: 1299 | D13: 27217 | E13: 3562 | F13: 1588 | G13: 16169 | H13: 7282 | I13: 263 | J13: 632 | K13: 1582 | L13: 2448 | M13: 3066 | N13: 3009 | O13: 58 | P13: 180651 | Q13: 546 | R13: 4616 | S13: 30 | T13: 1521 | U13: 274 | V13: 6053 | W13: 4863 | X13: 162034 | Y13: 711 | Z13: 140181 | AA13: 64478 | AB13: 14187 | AC13: 61513 | AD13: 1806 | AE13: 823 | AF13: 529 | AG13: 455 | AH13: 12141 | AI13: 251 | AJ13: 1050 | AK13: 1053 | AL13: 5138 | AM13: 1615 | AN13: 666 | AO13: 281 | AP13: 423 | AQ13: 1661 | AR13: 22719 | AS13: 108 | AT13: 345 | AU13: 77 | AV13: 871 | AW13: 375 | AX13: 480 | AY13: 1054 | AZ13: 17943 | BA13: 1465 | BB13: 22210 | BC13: 1598 | BD13: 2416 | BE13: 248 | BF13: 3253 | BG13: 1888 | BH13: 3236 | BI13: 3266 | BJ13: 2624 | BK13: 3685 | BL13: 11863 | BM13: 190 | BN13: 173 | BO13: 183 | BP13: 774 | BQ13: 187 | BR13: 4293 | BS13: 659 | BT13: 5399 | BU13: 66414 | BV13: 439 | BW13: 1873 | BX13: 17 | BY13: 59557 | BZ13: 4530 | CA13: 523098

Sheet Import-dataset
A1: Import | B1: 0 Food and live animals ; | C1: 00 Live animals (excl. fish (not marine mammals) crustaceans, molluscs and aquatic invertebrates of SITC Division 03) ; | D1: 01 Meat and meat preparations ; | E1: 02 Dairy products and birds’ eggs ; | F1: 03 Fish (excl. marine mammals) crustaceans, molluscs and aquatic invertebrates, and preparations thereof (excl. extracts and juices of fish, crustaceans, molluscs or other aquatic invertebrates, prepared or preserved of SITC 01710) ; | G1: 04 Cereals and cereal preparations ; | H1: 05 Vegetables and fruit ; | I1: 06 Sugars, sugar preparations and honey ; | J1: 07 Coffee, tea, cocoa, spices, and manufactures thereof ; | K1: 08 Feeding stuff for animals (excl. unmilled cereals) ; | L1: 09 Miscellaneous edible products and preparations ; | M1: 1 Beverages and tobacco ; | N1: 11 Beverages ; | O1: 12 Tobacco and tobacco manufactures ; | P1: 2 Crude materials, inedible, except fuels ; | Q1: 21 Hides, skins and furskins, raw ; | R1: 22 Oil-seeds and oleaginous fruits ; | S1: 23 Crude rubber (incl. synthetic and reclaimed) ; | T1: 24 Cork and wood ; | U1: 25 Pulp and waste paper ; | V1: 26 Textile fibres (excl. wool tops and other combed wool) and their wastes, not manufactured into yarn or fabric ; | W1: 27 Crude fertilizers (excl. those of Division 56) and crude minerals (excl. coal, petroleum and precious stones) ; | X1: 28 Metalliferous ores and metal scrap ; | Y1: 29 Crude animal and vegetable materials, nes ; | Z1: 3 Mineral fuels, lubricants and related materials ; | AA1: 32 Coal, coke and briquettes ; | AB1: 33 Petroleum, petroleum products and related materials ; | AC1: 34 Gas, natural and manufactured ; | AD1: 4 Animal and vegetable oils, fats and waxes ; | AE1: 41 Animal oils and fats ; | AF1: 42 Fixed vegetable fats and oils, crude, refined or fractionated ; | AG1: 43 Animal or vegetable fats and oils, processed; waxes of animal or vegetable origin; inedible mixtures or preparations of animal or vegetable fats or oils, nes ; | AH1: 5 Chemicals and related products, nes ; | AI1: 51 Organic chemicals ; | AJ1: 52 Inorganic chemicals ; | AK1: 53 Dyeing, tanning and colouring materials ; | AL1: 54 Medicinal and pharmaceutical products ; | AM1: 55 Essential oils and resinoids and perfume materials; toilet, polishing and cleansing preparations ; | AN1: 56 Fertilisers (excl. those of group 272) ; | AO1: 57 Plastics in primary forms ; | AP1: 58 Plastics in non-primary forms ; | AQ1: 59 Chemical materials and products, nes ; | AR1: 6 Manufactured goods classified chiefly by material ; | AS1: 61 Leather, leather manufactures, nes, and dressed furskins ; | AT1: 62 Rubber manufactures, nes ; | AU1: 63 Cork and wood manufactures (excl. furniture) ; | AV1: 64 Paper, paperboard and articles of paper pulp, of paper or of paperboard ; | AW1: 65 Textile yarn, fabrics, made-up articles nes, and related products ; | AX1: 66 Non-metallic mineral manufactures, nes ; | AY1: 67 Iron and steel ; | AZ1: 68 Non-ferrous metals ; | BA1: 69 Manufactures of metals, nes ; | BB1: 7 Machinery and transport equipment ; | BC1: 71 Power generating machinery and equipment ; | BD1: 72 Machinery specialized for particular industries ; | BE1: 73 Metalworking machinery ; | BF1: 74 General industrial machinery and equipment, nes, and machine parts, nes ; | BG1: 75 Office machines and automatic data processing machines ; | BH1: 76 Telecommunications and sound recording and reproducing apparatus and equipment ; | BI1: 77 Electrical machinery, apparatus and appliances, nes, and electrical parts thereof (incl. non electrical counterparts, nes, of electrical household type equipment) ; | BJ1: 78 Road vehicles (incl. air-cushion vehicles) ; | BK1: 79 Transport equipment (excl. road vehicles) ; | BL1: 8 Miscellaneous manufactured articles ; | BM1: 81 Prefabricated buildings and sanitary, plumbing, heating and lighting fixtures and fittings, nes ; | BN1: 82 Furniture and parts thereof; bedding, mattresses, mattress supports, cushions and similar stuffed furnishings ; | BO1: 83 Travel goods, handbags and similar containers ; | BP1: 84 Articles of apparel and clothing accessories ; | BQ1: 85 Footwear ; | BR1: 87 Professional, scientific and controlling instruments and apparatus, nes ; | BS1: 88 Photographic apparatus, equipment and supplies and optical goods, nes; watches and clocks ; | BT1: 89 Miscellaneous manufactured articles, nes ; | BU1: 9 Commodities and transactions not classified elsewhere in the SITC ; | BV1: 93 Special transactions and commodities not classified according to kind ; | BW1: 95 Gold coin whether or not legal tender, and other coin being legal tender ; | BX1: 96 Coin (excl. gold coin) not being legal tender ; | BY1: 97 Gold, non-monetary (excl. gold ores and concentrates) ; | BZ1: 98 Combined confidential items excluding some of SITC 28099 (exports only) and some of SITC 51099 (imports only) ; | CA1: -1 TOTAL ;
A2: Unit | B2: $ Millions | C2: $ Millions | D2: $ Millions | E2: $ Millions | F2: $ Millions | G2: $ Millions | H2: $ Millions | I2: $ Millions | J2: $ Millions | K2: $ Millions | L2: $ Millions | M2: $ Millions | N2: $ Millions | O2: $ Millions | P2: $ Millions | Q2: $ Millions | R2: $ Millions | S2: $ Millions | T2: $ Millions | U2: $ Millions | V2: $ Millions | W2: $ Millions | X2: $ Millions | Y2: $ Millions | Z2: $ Millions | AA2: $ Millions | AB2: $ Millions | AC2: $ Millions | AD2: $ Millions | AE2: $ Millions | AF2: $ Millions | AG2: $ Millions | AH2: $ Millions | AI2: $ Millions | AJ2: $ Millions | AK2: $ Millions | AL2: $ Millions | AM2: $ Millions | AN2: $ Millions | AO2: $ Millions | AP2: $ Millions | AQ2: $ Millions | AR2: $ Millions | AS2: $ Millions | AT2: $ Millions | AU2: $ Millions | AV2: $ Millions | AW2: $ Millions | AX2: $ Millions | AY2: $ Millions | AZ2: $ Millions | BA2: $ Millions | BB2: $ Millions | BC2: $ Millions | BD2: $ Millions | BE2: $ Millions | BF2: $ Millions | BG2: $ Millions | BH2: $ Millions | BI2: $ Millions | BJ2: $ Millions | BK2: $ Millions | BL2: $ Millions | BM2: $ Millions | BN2: $ Millions | BO2: $ Millions | BP2: $ Millions | BQ2: $ Millions | BR2: $ Millions | BS2: $ Millions | BT2: $ Millions | BU2: $ Millions | BV2: $ Millions | BW2: $ Millions | BX2: $ Millions | BY2: $ Millions | BZ2: $ Millions | CA2: $ Millions
A3: Series ID | B3: A1828644C | C3: A1828645F | D3: A1828646J | E3: A1828647K | F3: A1828648L | G3: A1828649R | H3: A1828650X | I3: A1828651A | J3: A1828652C | K3: A1828653F | L3: A1828654J | M3: A1828655K | N3: A1828656L | O3: A1828657R | P3: A1828658T | Q3: A1828659V | R3: A1828660C | S3: A1828661F | T3: A1828662J | U3: A1828663K | V3: A1828664L | W3: A1828665R | X3: A1828666T | Y3: A1828667V | Z3: A1828668W | AA3: A1828669X | AB3: A1828670J | AC3: A1828671K | AD3: A1828672L | AE3: A1828673R | AF3: A1828674T | AG3: A1828675V | AH3: A1828676W | AI3: A1828677X | AJ3: A1828678A | AK3: A1828679C | AL3: A1828680L | AM3: A1828681R | AN3: A1828682T | AO3: A1828683V | AP3: A1828684W | AQ3: A1828685X | AR3: A1828686A | AS3: A1828687C | AT3: A1828688F | AU3: A1828689J | AV3: A1828690T | AW3: A1828691V | AX3: A1828692W | AY3: A1828693X | AZ3: A1828694A | BA3: A1828695C | BB3: A1828696F | BC3: A1828697J | BD3: A1828698K | BE3: A1828699L | BF3: A1828700K | BG3: A1828701L | BH3: A1828702R | BI3: A1828703T | BJ3: A1828704V | BK3: A1828705W | BL3: A1828706X | BM3: A1828707A | BN3: A1828708C | BO3: A1828709F | BP3: A1828710R | BQ3: A1828711T | BR3: A1828712V | BS3: A1828713W | BT3: A1828714X | BU3: A1828715A | BV3: A1828716C | BW3: A1828717F | BX3: A1828718J | BY3: A1828719K | BZ3: A1828720V | CA3: A1828721W
A4: Y2016 | B4: 13977 | C4: 121 | D4: 780 | E4: 1075 | F4: 1852 | G4: 1265 | H4: 2601 | I4: 483 | J4: 1975 | K4: 919 | L4: 2908 | M4: 3271 | N4: 2241 | O4: 1027 | P4: 3206 | Q4: 5 | R4: 88 | S4: 102 | T4: 816 | U4: 212 | V4: 99 | W4: 311 | X4: 1017 | Y4: 551 | Z4: 23604 | AA4: 51 | AB4: 23315 | AC4: 238 | AD4: 700 | AE4: 61 | AF4: 596 | AG4: 44 | AH4: 27705 | AI4: 2410 | AJ4: 1567 | AK4: 997 | AL4: 11226 | AM4: 2938 | AN4: 1682 | AO4: 1958 | AP4: 1947 | AQ4: 2978 | AR4: 28223 | AS4: 164 | AT4: 3399 | AU4: 1305 | AV4: 2999 | AW4: 3577 | AX4: 3847 | AY4: 2532 | AZ4: 2691 | BA4: 7710 | BB4: 103332 | BC4: 4429 | BD4: 7665 | BE4: 595 | BF4: 14478 | BG4: 9773 | BH4: 14598 | BI4: 13089 | BJ4: 34412 | BK4: 4295 | BL4: 40365 | BM4: 1661 | BN4: 4276 | BO4: 1462 | BP4: 8611 | BQ4: 2202 | BR4: 6756 | BS4: 1853 | BT4: 13547 | BU4: 9962 | BV4: 4 | BW4: 41 | BX4: 7 | BY4: 7468 | BZ4: 2440 | CA4: 254345
A5: Y2017 | B5: 14304 | C5: 155 | D5: 833 | E5: 1321 | F5: 1950 | G5: 1309 | H5: 2684 | I5: 460 | J5: 2057 | K5: 939 | L5: 2593 | M5: 3285 | N5: 2280 | O5: 1006 | P5: 3544 | Q5: 3 | R5: 111 | S5: 165 | T5: 836 | U5: 232 | V5: 91 | W5: 286 | X5: 1221 | Y5: 597 | Z5: 29805 | AA5: 139 | AB5: 29365 | AC5: 303 | AD5: 702 | AE5: 56 | AF5: 591 | AG5: 53 | AH5: 28054 | AI5: 2363 | AJ5: 1578 | AK5: 1019 | AL5: 11138 | AM5: 3084 | AN5: 1640 | AO5: 2109 | AP5: 1994 | AQ5: 3131 | AR5: 28701 | AS5: 160 | AT5: 3580 | AU5: 1408 | AV5: 2935 | AW5: 3604 | AX5: 3794 | AY5: 3059 | AZ5: 2479 | BA5: 7685 | BB5: 117933 | BC5: 4763 | BD5: 8870 | BE5: 639 | BF5: 13380 | BG5: 10489 | BH5: 15584 | BI5: 14637 | BJ5: 37308 | BK5: 12266 | BL5: 40571 | BM5: 1629 | BN5: 4256 | BO5: 1537 | BP5: 8736 | BQ5: 2177 | BR5: 6544 | BS5: 1821 | BT5: 13867 | BU5: 21397 | BV5: 12 | BW5: 21 | BX5: 3 | BY5: 6220 | BZ5: 15140 | CA5: 288291
A6: Y2018 | B6: 15132 | C6: 168 | D6: 822 | E6: 1420 | F6: 2013 | G6: 1479 | H6: 2647 | I6: 483 | J6: 2031 | K6: 1100 | L6: 2970 | M6: 3541 | N6: 2480 | O6: 1063 | P6: 3985 | Q6: 2 | R6: 115 | S6: 160 | T6: 1041 | U6: 284 | V6: 99 | W6: 316 | X6: 1306 | Y6: 662 | Z6: 40512 | AA6: 178 | AB6: 39947 | AC6: 390 | AD6: 756 | AE6: 70 | AF6: 627 | AG6: 54 | AH6: 29837 | AI6: 2507 | AJ6: 1107 | AK6: 1111 | AL6: 11782 | AM6: 3595 | AN6: 1915 | AO6: 2460 | AP6: 2196 | AQ6: 3161 | AR6: 32443 | AS6: 154 | AT6: 3966 | AU6: 1596 | AV6: 3163 | AW6: 3816 | AX6: 4038 | AY6: 3901 | AZ6: 2775 | BA6: 9039 | BB6: 121404 | BC6: 5936 | BD6: 10484 | BE6: 751 | BF6: 14952 | BG6: 11907 | BH6: 17166 | BI6: 16823 | BJ6: 39091 | BK6: 4294 | BL6: 44299 | BM6: 1789 | BN6: 4874 | BO6: 1843 | BP6: 9479 | BQ6: 2324 | BR6: 7364 | BS6: 1934 | BT6: 14691 | BU6: 12140 | BV6: 5 | BW6: 30 | BX6: 7 | BY6: 6385 | BZ6: 5711 | CA6: 304050
A7: Y2019 | B7: 16938 | C7: 145 | D7: 1029 | E7: 1477 | F7: 2034 | G7: 1916 | H7: 2806 | I7: 485 | J7: 2131 | K7: 1238 | L7: 3678 | M7: 3798 | N7: 2688 | O7: 1113 | P7: 3138 | Q7: 7 | R7: 127 | S7: 147 | T7: 801 | U7: 260 | V7: 98 | W7: 286 | X7: 744 | Y7: 665 | Z7: 38794 | AA7: 203 | AB7: 38357 | AC7: 236 | AD7: 725 | AE7: 83 | AF7: 579 | AG7: 64 | AH7: 31024 | AI7: 2260 | AJ7: 1031 | AK7: 1084 | AL7: 13112 | AM7: 3865 | AN7: 2150 | AO7: 2211 | AP7: 2226 | AQ7: 3090 | AR7: 32286 | AS7: 143 | AT7: 4242 | AU7: 1517 | AV7: 3336 | AW7: 3834 | AX7: 4110 | AY7: 3271 | AZ7: 2874 | BA7: 8957 | BB7: 123286 | BC7: 6310 | BD7: 10688 | BE7: 864 | BF7: 15646 | BG7: 11737 | BH7: 17648 | BI7: 17451 | BJ7: 37286 | BK7: 5660 | BL7: 46308 | BM7: 1742 | BN7: 4983 | BO7: 1886 | BP7: 10205 | BQ7: 2564 | BR7: 7726 | BS7: 2078 | BT7: 15133 | BU7: 11251 | BV7: 5 | BW7: 33 | BX7: 2 | BY7: 6772 | BZ7: 4434 | CA7: 307549
A8: Y2020 | B8: 17607 | C8: 157 | D8: 905 | E8: 1589 | F8: 1882 | G8: 2088 | H8: 3107 | I8: 489 | J8: 2208 | K8: 1355 | L8: 3824 | M8: 3475 | N8: 2585 | O8: 891 | P8: 3257 | Q8: 7 | R8: 141 | S8: 122 | T8: 801 | U8: 240 | V8: 97 | W8: 298 | X8: 870 | Y8: 686 | Z8: 23108 | AA8: 148 | AB8: 22720 | AC8: 242 | AD8: 766 | AE8: 85 | AF8: 627 | AG8: 55 | AH8: 33291 | AI8: 2668 | AJ8: 1043 | AK8: 1084 | AL8: 13802 | AM8: 3970 | AN8: 2122 | AO8: 2138 | AP8: 2294 | AQ8: 4167 | AR8: 34399 | AS8: 135 | AT8: 4089 | AU8: 1419 | AV8: 3274 | AW8: 5896 | AX8: 3869 | AY8: 3134 | AZ8: 3596 | BA8: 8988 | BB8: 119746 | BC8: 5691 | BD8: 10600 | BE8: 751 | BF8: 15673 | BG8: 12455 | BH8: 17588 | BI8: 17885 | BJ8: 33502 | BK8: 5595 | BL8: 46038 | BM8: 1726 | BN8: 5224 | BO8: 1512 | BP8: 10186 | BQ8: 2107 | BR8: 7758 | BS8: 1879 | BT8: 15649 | BU8: 11914 | BV8: 2 | BW8: 60 | BX8: 12 | BY8: 9208 | BZ8: 2632 | CA8: 293603
A9: Y2021 | B9: 16410 | C9: 156 | D9: 966 | E9: 1438 | F9: 1874 | G9: 1727 | H9: 2837 | I9: 491 | J9: 2164 | K9: 1220 | L9: 3535 | M9: 3449 | N9: 2744 | O9: 704 | P9: 4247 | Q9: 2 | R9: 102 | S9: 134 | T9: 1051 | U9: 281 | V9: 115 | W9: 426 | X9: 1425 | Y9: 712 | Z9: 34552 | AA9: 200 | AB9: 34044 | AC9: 310 | AD9: 831 | AE9: 90 | AF9: 680 | AG9: 61 | AH9: 37021 | AI9: 3051 | AJ9: 1286 | AK9: 1152 | AL9: 14770 | AM9: 3861 | AN9: 3289 | AO9: 2677 | AP9: 2448 | AQ9: 4490 | AR9: 36977 | AS9: 174 | AT9: 4349 | AU9: 1678 | AV9: 3217 | AW9: 4692 | AX9: 4281 | AY9: 4050 | AZ9: 4056 | BA9: 10479 | BB9: 135405 | BC9: 5352 | BD9: 12971 | BE9: 971 | BF9: 16935 | BG9: 13204 | BH9: 17682 | BI9: 19654 | BJ9: 42876 | BK9: 5759 | BL9: 50131 | BM9: 1958 | BN9: 5647 | BO9: 1632 | BP9: 10984 | BQ9: 2411 | BR9: 8175 | BS9: 2067 | BT9: 17260 | BU9: 11211 | BV9: 4 | BW9: 56 | BX9: 11 | BY9: 6525 | BZ9: 4615 | CA9: 330234
A10: Y2022 | B10: 19518 | C10: 167 | D10: 1070 | E10: 1809 | F10: 2449 | G10: 2011 | H10: 3163 | I10: 565 | J10: 2566 | K10: 1660 | L10: 4063 | M10: 3850 | N10: 3170 | O10: 682 | P10: 4653 | Q10: 4 | R10: 135 | S10: 148 | T10: 1444 | U10: 365 | V10: 125 | W10: 604 | X10: 945 | Y10: 881 | Z10: 65806 | AA10: 375 | AB10: 65082 | AC10: 352 | AD10: 1094 | AE10: 128 | AF10: 888 | AG10: 76 | AH10: 51393 | AI10: 3755 | AJ10: 3401 | AK10: 1267 | AL10: 19106 | AM10: 4657 | AN10: 5706 | AO10: 3148 | AP10: 2866 | AQ10: 7484 | AR10: 44021 | AS10: 202 | AT10: 5123 | AU10: 2045 | AV10: 3802 | AW10: 5323 | AX10: 4835 | AY10: 5214 | AZ10: 5023 | BA10: 12450 | BB10: 156900 | BC10: 6250 | BD10: 15810 | BE10: 1095 | BF10: 19875 | BG10: 14727 | BH10: 20341 | BI10: 23299 | BJ10: 50050 | BK10: 5454 | BL10: 57476 | BM10: 2136 | BN10: 6266 | BO10: 2203 | BP10: 12829 | BQ10: 3104 | BR10: 9104 | BS10: 2481 | BT10: 19352 | BU10: 12292 | BV10: 3 | BW10: 80 | BX10: 17 | BY10: 6959 | BZ10: 5229 | CA10: 417002
A11: Y2023 | B11: 19684 | C11: 212 | D11: 1035 | E11: 2034 | F11: 2230 | G11: 2136 | H11: 3366 | I11: 611 | J11: 2582 | K11: 1438 | L11: 4035 | M11: 3518 | N11: 2928 | O11: 588 | P11: 3931 | Q11: 2 | R11: 120 | S11: 130 | T11: 841 | U11: 280 | V11: 119 | W11: 478 | X11: 1019 | Y11: 942 | Z11: 60651 | AA11: 306 | AB11: 60057 | AC11: 293 | AD11: 988 | AE11: 161 | AF11: 750 | AG11: 78 | AH11: 42831 | AI11: 2720 | AJ11: 2830 | AK11: 1148 | AL11: 17000 | AM11: 5168 | AN11: 3561 | AO11: 2728 | AP11: 2703 | AQ11: 4973 | AR11: 40640 | AS11: 176 | AT11: 5189 | AU11: 1733 | AV11: 3827 | AW11: 4277 | AX11: 4605 | AY11: 4746 | AZ11: 4174 | BA11: 11917 | BB11: 173355 | BC11: 7368 | BD11: 18321 | BE11: 1171 | BF11: 20852 | BG11: 12531 | BH11: 20204 | BI11: 23989 | BJ11: 62922 | BK11: 5995 | BL11: 55698 | BM11: 1960 | BN11: 5336 | BO11: 2249 | BP11: 12165 | BQ11: 2886 | BR11: 10010 | BS11: 2601 | BT11: 18494 | BU11: 12575 | BV11: 6 | BW11: 66 | BX11: 19 | BY11: 8565 | BZ11: 3917 | CA11: 413869
A12: Y2024 | B12: 22293 | C12: 201 | D12: 1251 | E12: 1935 | F12: 2405 | G12: 2526 | H12: 3913 | I12: 688 | J12: 3250 | K12: 1647 | L12: 4477 | M12: 3349 | N12: 2906 | O12: 441 | P12: 4119 | Q12: 6 | R12: 151 | S12: 141 | T12: 917 | U12: 276 | V12: 121 | W12: 362 | X12: 1143 | Y12: 1006 | Z12: 56749 | AA12: 260 | AB12: 56183 | AC12: 306 | AD12: 1257 | AE12: 204 | AF12: 973 | AG12: 78 | AH12: 45032 | AI12: 2723 | AJ12: 2683 | AK12: 1265 | AL12: 17012 | AM12: 5568 | AN12: 4652 | AO12: 2957 | AP12: 2840 | AQ12: 5337 | AR12: 43611 | AS12: 151 | AT12: 5553 | AU12: 1776 | AV12: 4210 | AW12: 4547 | AX12: 4461 | AY12: 5952 | AZ12: 4285 | BA12: 12677 | BB12: 180686 | BC12: 7929 | BD12: 15321 | BE12: 1101 | BF12: 23737 | BG12: 14902 | BH12: 20144 | BI12: 28336 | BJ12: 62025 | BK12: 7195 | BL12: 59310 | BM12: 1973 | BN12: 5994 | BO12: 2216 | BP12: 12814 | BQ12: 2948 | BR12: 10288 | BS12: 2713 | BT12: 20362 | BU12: 13470 | BV12: 1 | BW12: 57 | BX12: 18 | BY12: 9876 | BZ12: 3513 | CA12: 429873
A13: Y2025 | B13: 24515 | C13: 190 | D13: 1252 | E13: 2295 | F13: 2548 | G13: 2618 | H13: 4138 | I13: 715 | J13: 4510 | K13: 1518 | L13: 4731 | M13: 3378 | N13: 2913 | O13: 463 | P13: 5285 | Q13: 7 | R13: 145 | S13: 142 | T13: 953 | U13: 270 | V13: 127 | W13: 481 | X13: 2129 | Y13: 1030 | Z13: 53258 | AA13: 197 | AB13: 52742 | AC13: 317 | AD13: 1282 | AE13: 135 | AF13: 1052 | AG13: 94 | AH13: 47675 | AI13: 2807 | AJ13: 2888 | AK13: 1234 | AL13: 18490 | AM13: 5842 | AN13: 5109 | AO13: 2795 | AP13: 3004 | AQ13: 5504 | AR13: 45872 | AS13: 150 | AT13: 5746 | AU13: 1879 | AV13: 4117 | AW13: 4729 | AX13: 4671 | AY13: 5364 | AZ13: 5583 | BA13: 13641 | BB13: 190956 | BC13: 8883 | BD13: 14643 | BE13: 1058 | BF13: 23637 | BG13: 19183 | BH13: 21727 | BI13: 32803 | BJ13: 59473 | BK13: 9546 | BL13: 63028 | BM13: 2011 | BN13: 6346 | BO13: 2225 | BP13: 13100 | BQ13: 3120 | BR13: 10829 | BS13: 2808 | BT13: 22590 | BU13: 25622 | BV13: 6 | BW13: 71 | BX13: 22 | BY13: 20614 | BZ13: 4904 | CA13: 460866

Sheet Export-tidy
A1: Direction | B1: Year | C1: Code | D1: Level | E1: Category | F1: Unit | G1: Series ID | H1: Value ($ Millions, export)
A2: Export | B2: 2016 | C2: 0 | D2: main | E2: Food and live animals | F2: $ Millions | G2: A1827804K | H2: ='Export-dataset'!B4 -> 32621
A3: Export | B3: 2017 | C3: 0 | D3: main | E3: Food and live animals | F3: $ Millions | G3: A1827804K | H3: ='Export-dataset'!B5 -> 36596
A4: Export | B4: 2018 | C4: 0 | D4: main | E4: Food and live animals | F4: $ Millions | G4: A1827804K | H4: ='Export-dataset'!B6 -> 35271
A5: Export | B5: 2019 | C5: 0 | D5: main | E5: Food and live animals | F5: $ Millions | G5: A1827804K | H5: ='Export-dataset'!B7 -> 37649
A6: Export | B6: 2020 | C6: 0 | D6: main | E6: Food and live animals | F6: $ Millions | G6: A1827804K | H6: ='Export-dataset'!B8 -> 35628
A7: Export | B7: 2021 | C7: 0 | D7: main | E7: Food and live animals | F7: $ Millions | G7: A1827804K | H7: ='Export-dataset'!B9 -> 43540
A8: Export | B8: 2022 | C8: 0 | D8: main | E8: Food and live animals | F8: $ Millions | G8: A1827804K | H8: ='Export-dataset'!B10 -> 53122
A9: Export | B9: 2023 | C9: 0 | D9: main | E9: Food and live animals | F9: $ Millions | G9: A1827804K | H9: ='Export-dataset'!B11 -> 54749
A10: Export | B10: 2024 | C10: 0 | D10: main | E10: Food and live animals | F10: $ Millions | G10: A1827804K | H10: ='Export-dataset'!B12 -> 52562
A11: Export | B11: 2025 | C11: 0 | D11: main | E11: Food and live animals | F11: $ Millions | G11: A1827804K | H11: ='Export-dataset'!B13 -> 62043
A12: Export | B12: 2016 | C12: 00 | D12: sub | E12: Live animals (excl. fish (not marine mammals) crustaceans, molluscs and aquatic invertebrates of SITC Division 03) | F12: $ Millions | G12: A1827805L | H12: ='Export-dataset'!C4 -> 1874
A13: Export | B13: 2017 | C13: 00 | D13: sub | E13: Live animals (excl. fish (not marine mammals) crustaceans, molluscs and aquatic invertebrates of SITC Division 03) | F13: $ Millions | G13: A1827805L | H13: ='Export-dataset'!C5 -> 1618
A14: Export | B14: 2018 | C14: 00 | D14: sub | E14: Live animals (excl. fish (not marine mammals) crustaceans, molluscs and aquatic invertebrates of SITC Division 03) | F14: $ Millions | G14: A1827805L | H14: ='Export-dataset'!C6 -> 1825
A15: Export | B15: 2019 | C15: 00 | D15: sub | E15: Live animals (excl. fish (not marine mammals) crustaceans, molluscs and aquatic invertebrates of SITC Division 03) | F15: $ Millions | G15: A1827805L | H15: ='Export-dataset'!C7 -> 2126
A16: Export | B16: 2020 | C16: 00 | D16: sub | E16: Live animals (excl. fish (not marine mammals) crustaceans, molluscs and aquatic invertebrates of SITC Division 03) | F16: $ Millions | G16: A1827805L | H16: ='Export-dataset'!C8 -> 1949
A17: Export | B17: 2021 | C17: 00 | D17: sub | E17: Live animals (excl. fish (not marine mammals) crustaceans, molluscs and aquatic invertebrates of SITC Division 03) | F17: $ Millions | G17: A1827805L | H17: ='Export-dataset'!C9 -> 1646
A18: Export | B18: 2022 | C18: 00 | D18: sub | E18: Live animals (excl. fish (not marine mammals) crustaceans, molluscs and aquatic invertebrates of SITC Division 03) | F18: $ Millions | G18: A1827805L | H18: ='Export-dataset'!C10 -> 1518
A19: Export | B19: 2023 | C19: 00 | D19: sub | E19: Live animals (excl. fish (not marine mammals) crustaceans, molluscs and aquatic invertebrates of SITC Division 03) | F19: $ Millions | G19: A1827805L | H19: ='Export-dataset'!C11 -> 1236
A20: Export | B20: 2024 | C20: 00 | D20: sub | E20: Live animals (excl. fish (not marine mammals) crustaceans, molluscs and aquatic invertebrates of SITC Division 03) | F20: $ Millions | G20: A1827805L | H20: ='Export-dataset'!C12 -> 1117
A21: Export | B21: 2025 | C21: 00 | D21: sub | E21: Live animals (excl. fish (not marine mammals) crustaceans, molluscs and aquatic invertebrates of SITC Division 03) | F21: $ Millions | G21: A1827805L | H21: ='Export-dataset'!C13 -> 1299
A22: Export | B22: 2016 | C22: 01 | D22: sub | E22: Meat and meat preparations | F22: $ Millions | G22: A1827806R | H22: ='Export-dataset'!D4 -> 11088
A23: Export | B23: 2017 | C23: 01 | D23: sub | E23: Meat and meat preparations | F23: $ Millions | G23: A1827806R | H23: ='Export-dataset'!D5 -> 11834
A24: Export | B24: 2018 | C24: 01 | D24: sub | E24: Meat and meat preparations | F24: $ Millions | G24: A1827806R | H24: ='Export-dataset'!D6 -> 13605
A25: Export | B25: 2019 | C25: 01 | D25: sub | E25: Meat and meat preparations | F25: $ Millions | G25: A1827806R | H25: ='Export-dataset'!D7 -> 16462
A26: Export | B26: 2020 | C26: 01 | D26: sub | E26: Meat and meat preparations | F26: $ Millions | G26: A1827806R | H26: ='Export-dataset'!D8 -> 14705
A27: Export | B27: 2021 | C27: 01 | D27: sub | E27: Meat and meat preparations | F27: $ Millions | G27: A1827806R | H27: ='Export-dataset'!D9 -> 14801
A28: Export | B28: 2022 | C28: 01 | D28: sub | E28: Meat and meat preparations | F28: $ Millions | G28: A1827806R | H28: ='Export-dataset'!D10 -> 16600
A29: Export | B29: 2023 | C29: 01 | D29: sub | E29: Meat and meat preparations | F29: $ Millions | G29: A1827806R | H29: ='Export-dataset'!D11 -> 17798
A30: Export | B30: 2024 | C30: 01 | D30: sub | E30: Meat and meat preparations | F30: $ Millions | G30: A1827806R | H30: ='Export-dataset'!D12 -> 21317
A31: Export | B31: 2025 | C31: 01 | D31: sub | E31: Meat and meat preparations | F31: $ Millions | G31: A1827806R | H31: ='Export-dataset'!D13 -> 27217
A32: Export | B32: 2016 | C32: 02 | D32: sub | E32: Dairy products and birds’ eggs | F32: $ Millions | G32: A1827807T | H32: ='Export-dataset'!E4 -> 2208
A33: Export | B33: 2017 | C33: 02 | D33: sub | E33: Dairy products and birds’ eggs | F33: $ Millions | G33: A1827807T | H33: ='Export-dataset'!E5 -> 2345
A34: Export | B34: 2018 | C34: 02 | D34: sub | E34: Dairy products and birds’ eggs | F34: $ Millions | G34: A1827807T | H34: ='Export-dataset'!E6 -> 2481
A35: Export | B35: 2019 | C35: 02 | D35: sub | E35: Dairy products and birds’ eggs | F35: $ Millions | G35: A1827807T | H35: ='Export-dataset'!E7 -> 2488
A36: Export | B36: 2020 | C36: 02 | D36: sub | E36: Dairy products and birds’ eggs | F36: $ Millions | G36: A1827807T | H36: ='Export-dataset'!E8 -> 2544
A37: Export | B37: 2021 | C37: 02 | D37: sub | E37: Dairy products and birds’ eggs | F37: $ Millions | G37: A1827807T | H37: ='Export-dataset'!E9 -> 2947
A38: Export | B38: 2022 | C38: 02 | D38: sub | E38: Dairy products and birds’ eggs | F38: $ Millions | G38: A1827807T | H38: ='Export-dataset'!E10 -> 3385
A39: Export | B39: 2023 | C39: 02 | D39: sub | E39: Dairy products and birds’ eggs | F39: $ Millions | G39: A1827807T | H39: ='Export-dataset'!E11 -> 3000
A40: Export | B40: 2024 | C40: 02 | D40: sub | E40: Dairy products and birds’ eggs | F40: $ Millions | G40: A1827807T | H40: ='Export-dataset'!E12 -> 3425
A41: Export | B41: 2025 | C41: 02 | D41: sub | E41: Dairy products and birds’ eggs | F41: $ Millions | G41: A1827807T | H41: ='Export-dataset'!E13 -> 3562
A42: Export | B42: 2016 | C42: 03 | D42: sub | E42: Fish (excl. marine mammals) crustaceans, molluscs and aquatic invertebrates, and preparations thereof (excl. extracts and juices of fish, crustaceans, molluscs or other aquatic invertebrates, prepared or preserved of SITC 01710) | F42: $ Millions | G42: A1827808V | H42: ='Export-dataset'!F4 -> 1379
A43: Export | B43: 2017 | C43: 03 | D43: sub | E43: Fish (excl. marine mammals) crustaceans, molluscs and aquatic invertebrates, and preparations thereof (excl. extracts and juices of fish, crustaceans, molluscs or other aquatic invertebrates, prepared or preserved of SITC 01710) | F43: $ Millions | G43: A1827808V | H43: ='Export-dataset'!F5 -> 1424
A44: Export | B44: 2018 | C44: 03 | D44: sub | E44: Fish (excl. marine mammals) crustaceans, molluscs and aquatic invertebrates, and preparations thereof (excl. extracts and juices of fish, crustaceans, molluscs or other aquatic invertebrates, prepared or preserved of SITC 01710) | F44: $ Millions | G44: A1827808V | H44: ='Export-dataset'!F6 -> 1469
A45: Export | B45: 2019 | C45: 03 | D45: sub | E45: Fish (excl. marine mammals) crustaceans, molluscs and aquatic invertebrates, and preparations thereof (excl. extracts and juices of fish, crustaceans, molluscs or other aquatic invertebrates, prepared or preserved of SITC 01710) | F45: $ Millions | G45: A1827808V | H45: ='Export-dataset'!F7 -> 1529
A46: Export | B46: 2020 | C46: 03 | D46: sub | E46: Fish (excl. marine mammals) crustaceans, molluscs and aquatic invertebrates, and preparations thereof (excl. extracts and juices of fish, crustaceans, molluscs or other aquatic invertebrates, prepared or preserved of SITC 01710) | F46: $ Millions | G46: A1827808V | H46: ='Export-dataset'!F8 -> 1229
A47: Export | B47: 2021 | C47: 03 | D47: sub | E47: Fish (excl. marine mammals) crustaceans, molluscs and aquatic invertebrates, and preparations thereof (excl. extracts and juices of fish, crustaceans, molluscs or other aquatic invertebrates, prepared or preserved of SITC 01710) | F47: $ Millions | G47: A1827808V | H47: ='Export-dataset'!F9 -> 1207
A48: Export | B48: 2022 | C48: 03 | D48: sub | E48: Fish (excl. marine mammals) crustaceans, molluscs and aquatic invertebrates, and preparations thereof (excl. extracts and juices of fish, crustaceans, molluscs or other aquatic invertebrates, prepared or preserved of SITC 01710) | F48: $ Millions | G48: A1827808V | H48: ='Export-dataset'!F10 -> 1205
A49: Export | B49: 2023 | C49: 03 | D49: sub | E49: Fish (excl. marine mammals) crustaceans, molluscs and aquatic invertebrates, and preparations thereof (excl. extracts and juices of fish, crustaceans, molluscs or other aquatic invertebrates, prepared or preserved of SITC 01710) | F49: $ Millions | G49: A1827808V | H49: ='Export-dataset'!F11 -> 1346
A50: Export | B50: 2024 | C50: 03 | D50: sub | E50: Fish (excl. marine mammals) crustaceans, molluscs and aquatic invertebrates, and preparations thereof (excl. extracts and juices of fish, crustaceans, molluscs or other aquatic invertebrates, prepared or preserved of SITC 01710) | F50: $ Millions | G50: A1827808V | H50: ='Export-dataset'!F12 -> 1219
A51: Export | B51: 2025 | C51: 03 | D51: sub | E51: Fish (excl. marine mammals) crustaceans, molluscs and aquatic invertebrates, and preparations thereof (excl. extracts and juices of fish, crustaceans, molluscs or other aquatic invertebrates, prepared or preserved of SITC 01710) | F51: $ Millions | G51: A1827808V | H51: ='Export-dataset'!F13 -> 1588
A52: Export | B52: 2016 | C52: 04 | D52: sub | E52: Cereals and cereal preparations | F52: $ Millions | G52: A1827809W | H52: ='Export-dataset'!G4 -> 7580
A53: Export | B53: 2017 | C53: 04 | D53: sub | E53: Cereals and cereal preparations | F53: $ Millions | G53: A1827809W | H53: ='Export-dataset'!G5 -> 9336
A54: Export | B54: 2018 | C54: 04 | D54: sub | E54: Cereals and cereal preparations | F54: $ Millions | G54: A1827809W | H54: ='Export-dataset'!G6 -> 7326
A55: Export | B55: 2019 | C55: 04 | D55: sub | E55: Cereals and cereal preparations | F55: $ Millions | G55: A1827809W | H55: ='Export-dataset'!G7 -> 5891
A56: Export | B56: 2020 | C56: 04 | D56: sub | E56: Cereals and cereal preparations | F56: $ Millions | G56: A1827809W | H56: ='Export-dataset'!G8 -> 6440
A57: Export | B57: 2021 | C57: 04 | D57: sub | E57: Cereals and cereal preparations | F57: $ Millions | G57: A1827809W | H57: ='Export-dataset'!G9 -> 14105
A58: Export | B58: 2022 | C58: 04 | D58: sub | E58: Cereals and cereal preparations | F58: $ Millions | G58: A1827809W | H58: ='Export-dataset'!G10 -> 20672
A59: Export | B59: 2023 | C59: 04 | D59: sub | E59: Cereals and cereal preparations | F59: $ Millions | G59: A1827809W | H59: ='Export-dataset'!G11 -> 20628
A60: Export | B60: 2024 | C60: 04 | D60: sub | E60: Cereals and cereal preparations | F60: $ Millions | G60: A1827809W | H60: ='Export-dataset'!G12 -> 13747
A61: Export | B61: 2025 | C61: 04 | D61: sub | E61: Cereals and cereal preparations | F61: $ Millions | G61: A1827809W | H61: ='Export-dataset'!G13 -> 16169
A62: Export | B62: 2016 | C62: 05 | D62: sub | E62: Vegetables and fruit | F62: $ Millions | G62: A1827810F | H62: ='Export-dataset'!H4 -> 4153
A63: Export | B63: 2017 | C63: 05 | D63: sub | E63: Vegetables and fruit | F63: $ Millions | G63: A1827810F | H63: ='Export-dataset'!H5 -> 5099
A64: Export | B64: 2018 | C64: 05 | D64: sub | E64: Vegetables and fruit | F64: $ Millions | G64: A1827810F | H64: ='Export-dataset'!H6 -> 3567
A65: Export | B65: 2019 | C65: 05 | D65: sub | E65: Vegetables and fruit | F65: $ Millions | G65: A1827810F | H65: ='Export-dataset'!H7 -> 4112
A66: Export | B66: 2020 | C66: 05 | D66: sub | E66: Vegetables and fruit | F66: $ Millions | G66: A1827810F | H66: ='Export-dataset'!H8 -> 4127
A67: Export | B67: 2021 | C67: 05 | D67: sub | E67: Vegetables and fruit | F67: $ Millions | G67: A1827810F | H67: ='Export-dataset'!H9 -> 4512
A68: Export | B68: 2022 | C68: 05 | D68: sub | E68: Vegetables and fruit | F68: $ Millions | G68: A1827810F | H68: ='Export-dataset'!H10 -> 5027
A69: Export | B69: 2023 | C69: 05 | D69: sub | E69: Vegetables and fruit | F69: $ Millions | G69: A1827810F | H69: ='Export-dataset'!H11 -> 5891
A70: Export | B70: 2024 | C70: 05 | D70: sub | E70: Vegetables and fruit | F70: $ Millions | G70: A1827810F | H70: ='Export-dataset'!H12 -> 7067
A71: Export | B71: 2025 | C71: 05 | D71: sub | E71: Vegetables and fruit | F71: $ Millions | G71: A1827810F | H71: ='Export-dataset'!H13 -> 7282
A72: Export | B72: 2016 | C72: 06 | D72: sub | E72: Sugars, sugar preparations and honey | F72: $ Millions | G72: A1827811J | H72: ='Export-dataset'!I4 -> 319
A73: Export | B73: 2017 | C73: 06 | D73: sub | E73: Sugars, sugar preparations and honey | F73: $ Millions | G73: A1827811J | H73: ='Export-dataset'!I5 -> 330
A74: Export | B74: 2018 | C74: 06 | D74: sub | E74: Sugars, sugar preparations and honey | F74: $ Millions | G74: A1827811J | H74: ='Export-dataset'!I6 -> 300
A75: Export | B75: 2019 | C75: 06 | D75: sub | E75: Sugars, sugar preparations and honey | F75: $ Millions | G75: A1827811J | H75: ='Export-dataset'!I7 -> 268
A76: Export | B76: 2020 | C76: 06 | D76: sub | E76: Sugars, sugar preparations and honey | F76: $ Millions | G76: A1827811J | H76: ='Export-dataset'!I8 -> 283
A77: Export | B77: 2021 | C77: 06 | D77: sub | E77: Sugars, sugar preparations and honey | F77: $ Millions | G77: A1827811J | H77: ='Export-dataset'!I9 -> 318
A78: Export | B78: 2022 | C78: 06 | D78: sub | E78: Sugars, sugar preparations and honey | F78: $ Millions | G78: A1827811J | H78: ='Export-dataset'!I10 -> 321
A79: Export | B79: 2023 | C79: 06 | D79: sub | E79: Sugars, sugar preparations and honey | F79: $ Millions | G79: A1827811J | H79: ='Export-dataset'!I11 -> 297
A80: Export | B80: 2024 | C80: 06 | D80: sub | E80: Sugars, sugar preparations and honey | F80: $ Millions | G80: A1827811J | H80: ='Export-dataset'!I12 -> 298
A81: Export | B81: 2025 | C81: 06 | D81: sub | E81: Sugars, sugar preparations and honey | F81: $ Millions | G81: A1827811J | H81: ='Export-dataset'!I13 -> 263
A82: Export | B82: 2016 | C82: 07 | D82: sub | E82: Coffee, tea, cocoa, spices, and manufactures thereof | F82: $ Millions | G82: A1827812K | H82: ='Export-dataset'!J4 -> 363
A83: Export | B83: 2017 | C83: 07 | D83: sub | E83: Coffee, tea, cocoa, spices, and manufactures thereof | F83: $ Millions | G83: A1827812K | H83: ='Export-dataset'!J5 -> 369
A84: Export | B84: 2018 | C84: 07 | D84: sub | E84: Coffee, tea, cocoa, spices, and manufactures thereof | F84: $ Millions | G84: A1827812K | H84: ='Export-dataset'!J6 -> 393
A85: Export | B85: 2019 | C85: 07 | D85: sub | E85: Coffee, tea, cocoa, spices, and manufactures thereof | F85: $ Millions | G85: A1827812K | H85: ='Export-dataset'!J7 -> 425
A86: Export | B86: 2020 | C86: 07 | D86: sub | E86: Coffee, tea, cocoa, spices, and manufactures thereof | F86: $ Millions | G86: A1827812K | H86: ='Export-dataset'!J8 -> 447
A87: Export | B87: 2021 | C87: 07 | D87: sub | E87: Coffee, tea, cocoa, spices, and manufactures thereof | F87: $ Millions | G87: A1827812K | H87: ='Export-dataset'!J9 -> 476
A88: Export | B88: 2022 | C88: 07 | D88: sub | E88: Coffee, tea, cocoa, spices, and manufactures thereof | F88: $ Millions | G88: A1827812K | H88: ='Export-dataset'!J10 -> 517
A89: Export | B89: 2023 | C89: 07 | D89: sub | E89: Coffee, tea, cocoa, spices, and manufactures thereof | F89: $ Millions | G89: A1827812K | H89: ='Export-dataset'!J11 -> 509
A90: Export | B90: 2024 | C90: 07 | D90: sub | E90: Coffee, tea, cocoa, spices, and manufactures thereof | F90: $ Millions | G90: A1827812K | H90: ='Export-dataset'!J12 -> 549
A91: Export | B91: 2025 | C91: 07 | D91: sub | E91: Coffee, tea, cocoa, spices, and manufactures thereof | F91: $ Millions | G91: A1827812K | H91: ='Export-dataset'!J13 -> 632
A92: Export | B92: 2016 | C92: 08 | D92: sub | E92: Feeding stuff for animals (excl. unmilled cereals) | F92: $ Millions | G92: A1827813L | H92: ='Export-dataset'!K4 -> 1174
A93: Export | B93: 2017 | C93: 08 | D93: sub | E93: Feeding stuff for animals (excl. unmilled cereals) | F93: $ Millions | G93: A1827813L | H93: ='Export-dataset'!K5 -> 1230
A94: Export | B94: 2018 | C94: 08 | D94: sub | E94: Feeding stuff for animals (excl. unmilled cereals) | F94: $ Millions | G94: A1827813L | H94: ='Export-dataset'!K6 -> 1359
A95: Export | B95: 2019 | C95: 08 | D95: sub | E95: Feeding stuff for animals (excl. unmilled cereals) | F95: $ Millions | G95: A1827813L | H95: ='Export-dataset'!K7 -> 1374
A96: Export | B96: 2020 | C96: 08 | D96: sub | E96: Feeding stuff for animals (excl. unmilled cereals) | F96: $ Millions | G96: A1827813L | H96: ='Export-dataset'!K8 -> 1310
A97: Export | B97: 2021 | C97: 08 | D97: sub | E97: Feeding stuff for animals (excl. unmilled cereals) | F97: $ Millions | G97: A1827813L | H97: ='Export-dataset'!K9 -> 1424
A98: Export | B98: 2022 | C98: 08 | D98: sub | E98: Feeding stuff for animals (excl. unmilled cereals) | F98: $ Millions | G98: A1827813L | H98: ='Export-dataset'!K10 -> 1719
A99: Export | B99: 2023 | C99: 08 | D99: sub | E99: Feeding stuff for animals (excl. unmilled cereals) | F99: $ Millions | G99: A1827813L | H99: ='Export-dataset'!K11 -> 1737
A100: Export | B100: 2024 | C100: 08 | D100: sub | E100: Feeding stuff for animals (excl. unmilled cereals) | F100: $ Millions | G100: A1827813L | H100: ='Export-dataset'!K12 -> 1573
...

Sheet Import-tidy
A1: Direction | B1: Year | C1: Code | D1: Level | E1: Category | F1: Unit | G1: Series ID | H1: Value ($ Millions, import)
A2: Import | B2: 2016 | C2: 0 | D2: main | E2: Food and live animals | F2: $ Millions | G2: A1828644C | H2: ='Import-dataset'!B4 -> 13977
A3: Import | B3: 2017 | C3: 0 | D3: main | E3: Food and live animals | F3: $ Millions | G3: A1828644C | H3: ='Import-dataset'!B5 -> 14304
A4: Import | B4: 2018 | C4: 0 | D4: main | E4: Food and live animals | F4: $ Millions | G4: A1828644C | H4: ='Import-dataset'!B6 -> 15132
A5: Import | B5: 2019 | C5: 0 | D5: main | E5: Food and live animals | F5: $ Millions | G5: A1828644C | H5: ='Import-dataset'!B7 -> 16938
A6: Import | B6: 2020 | C6: 0 | D6: main | E6: Food and live animals | F6: $ Millions | G6: A1828644C | H6: ='Import-dataset'!B8 -> 17607
A7: Import | B7: 2021 | C7: 0 | D7: main | E7: Food and live animals | F7: $ Millions | G7: A1828644C | H7: ='Import-dataset'!B9 -> 16410
A8: Import | B8: 2022 | C8: 0 | D8: main | E8: Food and live animals | F8: $ Millions | G8: A1828644C | H8: ='Import-dataset'!B10 -> 19518
A9: Import | B9: 2023 | C9: 0 | D9: main | E9: Food and live animals | F9: $ Millions | G9: A1828644C | H9: ='Import-dataset'!B11 -> 19684
A10: Import | B10: 2024 | C10: 0 | D10: main | E10: Food and live animals | F10: $ Millions | G10: A1828644C | H10: ='Import-dataset'!B12 -> 22293
A11: Import | B11: 2025 | C11: 0 | D11: main | E11: Food and live animals | F11: $ Millions | G11: A1828644C | H11: ='Import-dataset'!B13 -> 24515
A12: Import | B12: 2016 | C12: 00 | D12: sub | E12: Live animals (excl. fish (not marine mammals) crustaceans, molluscs and aquatic invertebrates of SITC Division 03) | F12: $ Millions | G12: A1828645F | H12: ='Import-dataset'!C4 -> 121
A13: Import | B13: 2017 | C13: 00 | D13: sub | E13: Live animals (excl. fish (not marine mammals) crustaceans, molluscs and aquatic invertebrates of SITC Division 03) | F13: $ Millions | G13: A1828645F | H13: ='Import-dataset'!C5 -> 155
A14: Import | B14: 2018 | C14: 00 | D14: sub | E14: Live animals (excl. fish (not marine mammals) crustaceans, molluscs and aquatic invertebrates of SITC Division 03) | F14: $ Millions | G14: A1828645F | H14: ='Import-dataset'!C6 -> 168
A15: Import | B15: 2019 | C15: 00 | D15: sub | E15: Live animals (excl. fish (not marine mammals) crustaceans, molluscs and aquatic invertebrates of SITC Division 03) | F15: $ Millions | G15: A1828645F | H15: ='Import-dataset'!C7 -> 145
A16: Import | B16: 2020 | C16: 00 | D16: sub | E16: Live animals (excl. fish (not marine mammals) crustaceans, molluscs and aquatic invertebrates of SITC Division 03) | F16: $ Millions | G16: A1828645F | H16: ='Import-dataset'!C8 -> 157
A17: Import | B17: 2021 | C17: 00 | D17: sub | E17: Live animals (excl. fish (not marine mammals) crustaceans, molluscs and aquatic invertebrates of SITC Division 03) | F17: $ Millions | G17: A1828645F | H17: ='Import-dataset'!C9 -> 156
A18: Import | B18: 2022 | C18: 00 | D18: sub | E18: Live animals (excl. fish (not marine mammals) crustaceans, molluscs and aquatic invertebrates of SITC Division 03) | F18: $ Millions | G18: A1828645F | H18: ='Import-dataset'!C10 -> 167
A19: Import | B19: 2023 | C19: 00 | D19: sub | E19: Live animals (excl. fish (not marine mammals) crustaceans, molluscs and aquatic invertebrates of SITC Division 03) | F19: $ Millions | G19: A1828645F | H19: ='Import-dataset'!C11 -> 212
A20: Import | B20: 2024 | C20: 00 | D20: sub | E20: Live animals (excl. fish (not marine mammals) crustaceans, molluscs and aquatic invertebrates of SITC Division 03) | F20: $ Millions | G20: A1828645F | H20: ='Import-dataset'!C12 -> 201
A21: Import | B21: 2025 | C21: 00 | D21: sub | E21: Live animals (excl. fish (not marine mammals) crustaceans, molluscs and aquatic invertebrates of SITC Division 03) | F21: $ Millions | G21: A1828645F | H21: ='Import-dataset'!C13 -> 190
A22: Import | B22: 2016 | C22: 01 | D22: sub | E22: Meat and meat preparations | F22: $ Millions | G22: A1828646J | H22: ='Import-dataset'!D4 -> 780
A23: Import | B23: 2017 | C23: 01 | D23: sub | E23: Meat and meat preparations | F23: $ Millions | G23: A1828646J | H23: ='Import-dataset'!D5 -> 833
A24: Import | B24: 2018 | C24: 01 | D24: sub | E24: Meat and meat preparations | F24: $ Millions | G24: A1828646J | H24: ='Import-dataset'!D6 -> 822
A25: Import | B25: 2019 | C25: 01 | D25: sub | E25: Meat and meat preparations | F25: $ Millions | G25: A1828646J | H25: ='Import-dataset'!D7 -> 1029
A26: Import | B26: 2020 | C26: 01 | D26: sub | E26: Meat and meat preparations | F26: $ Millions | G26: A1828646J | H26: ='Import-dataset'!D8 -> 905
A27: Import | B27: 2021 | C27: 01 | D27: sub | E27: Meat and meat preparations | F27: $ Millions | G27: A1828646J | H27: ='Import-dataset'!D9 -> 966
A28: Import | B28: 2022 | C28: 01 | D28: sub | E28: Meat and meat preparations | F28: $ Millions | G28: A1828646J | H28: ='Import-dataset'!D10 -> 1070
A29: Import | B29: 2023 | C29: 01 | D29: sub | E29: Meat and meat preparations | F29: $ Millions | G29: A1828646J | H29: ='Import-dataset'!D11 -> 1035
A30: Import | B30: 2024 | C30: 01 | D30: sub | E30: Meat and meat preparations | F30: $ Millions | G30: A1828646J | H30: ='Import-dataset'!D12 -> 1251
A31: Import | B31: 2025 | C31: 01 | D31: sub | E31: Meat and meat preparations | F31: $ Millions | G31: A1828646J | H31: ='Import-dataset'!D13 -> 1252
A32: Import | B32: 2016 | C32: 02 | D32: sub | E32: Dairy products and birds’ eggs | F32: $ Millions | G32: A1828647K | H32: ='Import-dataset'!E4 -> 1075
A33: Import | B33: 2017 | C33: 02 | D33: sub | E33: Dairy products and birds’ eggs | F33: $ Millions | G33: A1828647K | H33: ='Import-dataset'!E5 -> 1321
A34: Import | B34: 2018 | C34: 02 | D34: sub | E34: Dairy products and birds’ eggs | F34: $ Millions | G34: A1828647K | H34: ='Import-dataset'!E6 -> 1420
A35: Import | B35: 2019 | C35: 02 | D35: sub | E35: Dairy products and birds’ eggs | F35: $ Millions | G35: A1828647K | H35: ='Import-dataset'!E7 -> 1477
A36: Import | B36: 2020 | C36: 02 | D36: sub | E36: Dairy products and birds’ eggs | F36: $ Millions | G36: A1828647K | H36: ='Import-dataset'!E8 -> 1589
A37: Import | B37: 2021 | C37: 02 | D37: sub | E37: Dairy products and birds’ eggs | F37: $ Millions | G37: A1828647K | H37: ='Import-dataset'!E9 -> 1438
A38: Import | B38: 2022 | C38: 02 | D38: sub | E38: Dairy products and birds’ eggs | F38: $ Millions | G38: A1828647K | H38: ='Import-dataset'!E10 -> 1809
A39: Import | B39: 2023 | C39: 02 | D39: sub | E39: Dairy products and birds’ eggs | F39: $ Millions | G39: A1828647K | H39: ='Import-dataset'!E11 -> 2034
A40: Import | B40: 2024 | C40: 02 | D40: sub | E40: Dairy products and birds’ eggs | F40: $ Millions | G40: A1828647K | H40: ='Import-dataset'!E12 -> 1935
A41: Import | B41: 2025 | C41: 02 | D41: sub | E41: Dairy products and birds’ eggs | F41: $ Millions | G41: A1828647K | H41: ='Import-dataset'!E13 -> 2295
A42: Import | B42: 2016 | C42: 03 | D42: sub | E42: Fish (excl. marine mammals) crustaceans, molluscs and aquatic invertebrates, and preparations thereof (excl. extracts and juices of fish, crustaceans, molluscs or other aquatic invertebrates, prepared or preserved of SITC 01710) | F42: $ Millions | G42: A1828648L | H42: ='Import-dataset'!F4 -> 1852
A43: Import | B43: 2017 | C43: 03 | D43: sub | E43: Fish (excl. marine mammals) crustaceans, molluscs and aquatic invertebrates, and preparations thereof (excl. extracts and juices of fish, crustaceans, molluscs or other aquatic invertebrates, prepared or preserved of SITC 01710) | F43: $ Millions | G43: A1828648L | H43: ='Import-dataset'!F5 -> 1950
A44: Import | B44: 2018 | C44: 03 | D44: sub | E44: Fish (excl. marine mammals) crustaceans, molluscs and aquatic invertebrates, and preparations thereof (excl. extracts and juices of fish, crustaceans, molluscs or other aquatic invertebrates, prepared or preserved of SITC 01710) | F44: $ Millions | G44: A1828648L | H44: ='Import-dataset'!F6 -> 2013
A45: Import | B45: 2019 | C45: 03 | D45: sub | E45: Fish (excl. marine mammals) crustaceans, molluscs and aquatic invertebrates, and preparations thereof (excl. extracts and juices of fish, crustaceans, molluscs or other aquatic invertebrates, prepared or preserved of SITC 01710) | F45: $ Millions | G45: A1828648L | H45: ='Import-dataset'!F7 -> 2034
A46: Import | B46: 2020 | C46: 03 | D46: sub | E46: Fish (excl. marine mammals) crustaceans, molluscs and aquatic invertebrates, and preparations thereof (excl. extracts and juices of fish, crustaceans, molluscs or other aquatic invertebrates, prepared or preserved of SITC 01710) | F46: $ Millions | G46: A1828648L | H46: ='Import-dataset'!F8 -> 1882
A47: Import | B47: 2021 | C47: 03 | D47: sub | E47: Fish (excl. marine mammals) crustaceans, molluscs and aquatic invertebrates, and preparations thereof (excl. extracts and juices of fish, crustaceans, molluscs or other aquatic invertebrates, prepared or preserved of SITC 01710) | F47: $ Millions | G47: A1828648L | H47: ='Import-dataset'!F9 -> 1874
A48: Import | B48: 2022 | C48: 03 | D48: sub | E48: Fish (excl. marine mammals) crustaceans, molluscs and aquatic invertebrates, and preparations thereof (excl. extracts and juices of fish, crustaceans, molluscs or other aquatic invertebrates, prepared or preserved of SITC 01710) | F48: $ Millions | G48: A1828648L | H48: ='Import-dataset'!F10 -> 2449
A49: Import | B49: 2023 | C49: 03 | D49: sub | E49: Fish (excl. marine mammals) crustaceans, molluscs and aquatic invertebrates, and preparations thereof (excl. extracts and juices of fish, crustaceans, molluscs or other aquatic invertebrates, prepared or preserved of SITC 01710) | F49: $ Millions | G49: A1828648L | H49: ='Import-dataset'!F11 -> 2230
A50: Import | B50: 2024 | C50: 03 | D50: sub | E50: Fish (excl. marine mammals) crustaceans, molluscs and aquatic invertebrates, and preparations thereof (excl. extracts and juices of fish, crustaceans, molluscs or other aquatic invertebrates, prepared or preserved of SITC 01710) | F50: $ Millions | G50: A1828648L | H50: ='Import-dataset'!F12 -> 2405
A51: Import | B51: 2025 | C51: 03 | D51: sub | E51: Fish (excl. marine mammals) crustaceans, molluscs and aquatic invertebrates, and preparations thereof (excl. extracts and juices of fish, crustaceans, molluscs or other aquatic invertebrates, prepared or preserved of SITC 01710) | F51: $ Millions | G51: A1828648L | H51: ='Import-dataset'!F13 -> 2548
A52: Import | B52: 2016 | C52: 04 | D52: sub | E52: Cereals and cereal preparations | F52: $ Millions | G52: A1828649R | H52: ='Import-dataset'!G4 -> 1265
A53: Import | B53: 2017 | C53: 04 | D53: sub | E53: Cereals and cereal preparations | F53: $ Millions | G53: A1828649R | H53: ='Import-dataset'!G5 -> 1309
A54: Import | B54: 2018 | C54: 04 | D54: sub | E54: Cereals and cereal preparations | F54: $ Millions | G54: A1828649R | H54: ='Import-dataset'!G6 -> 1479
A55: Import | B55: 2019 | C55: 04 | D55: sub | E55: Cereals and cereal preparations | F55: $ Millions | G55: A1828649R | H55: ='Import-dataset'!G7 -> 1916
A56: Import | B56: 2020 | C56: 04 | D56: sub | E56: Cereals and cereal preparations | F56: $ Millions | G56: A1828649R | H56: ='Import-dataset'!G8 -> 2088
A57: Import | B57: 2021 | C57: 04 | D57: sub | E57: Cereals and cereal preparations | F57: $ Millions | G57: A1828649R | H57: ='Import-dataset'!G9 -> 1727
A58: Import | B58: 2022 | C58: 04 | D58: sub | E58: Cereals and cereal preparations | F58: $ Millions | G58: A1828649R | H58: ='Import-dataset'!G10 -> 2011
A59: Import | B59: 2023 | C59: 04 | D59: sub | E59: Cereals and cereal preparations | F59: $ Millions | G59: A1828649R | H59: ='Import-dataset'!G11 -> 2136
A60: Import | B60: 2024 | C60: 04 | D60: sub | E60: Cereals and cereal preparations | F60: $ Millions | G60: A1828649R | H60: ='Import-dataset'!G12 -> 2526
A61: Import | B61: 2025 | C61: 04 | D61: sub | E61: Cereals and cereal preparations | F61: $ Millions | G61: A1828649R | H61: ='Import-dataset'!G13 -> 2618
A62: Import | B62: 2016 | C62: 05 | D62: sub | E62: Vegetables and fruit | F62: $ Millions | G62: A1828650X | H62: ='Import-dataset'!H4 -> 2601
A63: Import | B63: 2017 | C63: 05 | D63: sub | E63: Vegetables and fruit | F63: $ Millions | G63: A1828650X | H63: ='Import-dataset'!H5 -> 2684
A64: Import | B64: 2018 | C64: 05 | D64: sub | E64: Vegetables and fruit | F64: $ Millions | G64: A1828650X | H64: ='Import-dataset'!H6 -> 2647
A65: Import | B65: 2019 | C65: 05 | D65: sub | E65: Vegetables and fruit | F65: $ Millions | G65: A1828650X | H65: ='Import-dataset'!H7 -> 2806
A66: Import | B66: 2020 | C66: 05 | D66: sub | E66: Vegetables and fruit | F66: $ Millions | G66: A1828650X | H66: ='Import-dataset'!H8 -> 3107
A67: Import | B67: 2021 | C67: 05 | D67: sub | E67: Vegetables and fruit | F67: $ Millions | G67: A1828650X | H67: ='Import-dataset'!H9 -> 2837
A68: Import | B68: 2022 | C68: 05 | D68: sub | E68: Vegetables and fruit | F68: $ Millions | G68: A1828650X | H68: ='Import-dataset'!H10 -> 3163
A69: Import | B69: 2023 | C69: 05 | D69: sub | E69: Vegetables and fruit | F69: $ Millions | G69: A1828650X | H69: ='Import-dataset'!H11 -> 3366
A70: Import | B70: 2024 | C70: 05 | D70: sub | E70: Vegetables and fruit | F70: $ Millions | G70: A1828650X | H70: ='Import-dataset'!H12 -> 3913
A71: Import | B71: 2025 | C71: 05 | D71: sub | E71: Vegetables and fruit | F71: $ Millions | G71: A1828650X | H71: ='Import-dataset'!H13 -> 4138
A72: Import | B72: 2016 | C72: 06 | D72: sub | E72: Sugars, sugar preparations and honey | F72: $ Millions | G72: A1828651A | H72: ='Import-dataset'!I4 -> 483
A73: Import | B73: 2017 | C73: 06 | D73: sub | E73: Sugars, sugar preparations and honey | F73: $ Millions | G73: A1828651A | H73: ='Import-dataset'!I5 -> 460
A74: Import | B74: 2018 | C74: 06 | D74: sub | E74: Sugars, sugar preparations and honey | F74: $ Millions | G74: A1828651A | H74: ='Import-dataset'!I6 -> 483
A75: Import | B75: 2019 | C75: 06 | D75: sub | E75: Sugars, sugar preparations and honey | F75: $ Millions | G75: A1828651A | H75: ='Import-dataset'!I7 -> 485
A76: Import | B76: 2020 | C76: 06 | D76: sub | E76: Sugars, sugar preparations and honey | F76: $ Millions | G76: A1828651A | H76: ='Import-dataset'!I8 -> 489
A77: Import | B77: 2021 | C77: 06 | D77: sub | E77: Sugars, sugar preparations and honey | F77: $ Millions | G77: A1828651A | H77: ='Import-dataset'!I9 -> 491
A78: Import | B78: 2022 | C78: 06 | D78: sub | E78: Sugars, sugar preparations and honey | F78: $ Millions | G78: A1828651A | H78: ='Import-dataset'!I10 -> 565
A79: Import | B79: 2023 | C79: 06 | D79: sub | E79: Sugars, sugar preparations and honey | F79: $ Millions | G79: A1828651A | H79: ='Import-dataset'!I11 -> 611
A80: Import | B80: 2024 | C80: 06 | D80: sub | E80: Sugars, sugar preparations and honey | F80: $ Millions | G80: A1828651A | H80: ='Import-dataset'!I12 -> 688
A81: Import | B81: 2025 | C81: 06 | D81: sub | E81: Sugars, sugar preparations and honey | F81: $ Millions | G81: A1828651A | H81: ='Import-dataset'!I13 -> 715
A82: Import | B82: 2016 | C82: 07 | D82: sub | E82: Coffee, tea, cocoa, spices, and manufactures thereof | F82: $ Millions | G82: A1828652C | H82: ='Import-dataset'!J4 -> 1975
A83: Import | B83: 2017 | C83: 07 | D83: sub | E83: Coffee, tea, cocoa, spices, and manufactures thereof | F83: $ Millions | G83: A1828652C | H83: ='Import-dataset'!J5 -> 2057
A84: Import | B84: 2018 | C84: 07 | D84: sub | E84: Coffee, tea, cocoa, spices, and manufactures thereof | F84: $ Millions | G84: A1828652C | H84: ='Import-dataset'!J6 -> 2031
A85: Import | B85: 2019 | C85: 07 | D85: sub | E85: Coffee, tea, cocoa, spices, and manufactures thereof | F85: $ Millions | G85: A1828652C | H85: ='Import-dataset'!J7 -> 2131
A86: Import | B86: 2020 | C86: 07 | D86: sub | E86: Coffee, tea, cocoa, spices, and manufactures thereof | F86: $ Millions | G86: A1828652C | H86: ='Import-dataset'!J8 -> 2208
A87: Import | B87: 2021 | C87: 07 | D87: sub | E87: Coffee, tea, cocoa, spices, and manufactures thereof | F87: $ Millions | G87: A1828652C | H87: ='Import-dataset'!J9 -> 2164
A88: Import | B88: 2022 | C88: 07 | D88: sub | E88: Coffee, tea, cocoa, spices, and manufactures thereof | F88: $ Millions | G88: A1828652C | H88: ='Import-dataset'!J10 -> 2566
A89: Import | B89: 2023 | C89: 07 | D89: sub | E89: Coffee, tea, cocoa, spices, and manufactures thereof | F89: $ Millions | G89: A1828652C | H89: ='Import-dataset'!J11 -> 2582
A90: Import | B90: 2024 | C90: 07 | D90: sub | E90: Coffee, tea, cocoa, spices, and manufactures thereof | F90: $ Millions | G90: A1828652C | H90: ='Import-dataset'!J12 -> 3250
A91: Import | B91: 2025 | C91: 07 | D91: sub | E91: Coffee, tea, cocoa, spices, and manufactures thereof | F91: $ Millions | G91: A1828652C | H91: ='Import-dataset'!J13 -> 4510
A92: Import | B92: 2016 | C92: 08 | D92: sub | E92: Feeding stuff for animals (excl. unmilled cereals) | F92: $ Millions | G92: A1828653F | H92: ='Import-dataset'!K4 -> 919
A93: Import | B93: 2017 | C93: 08 | D93: sub | E93: Feeding stuff for animals (excl. unmilled cereals) | F93: $ Millions | G93: A1828653F | H93: ='Import-dataset'!K5 -> 939
A94: Import | B94: 2018 | C94: 08 | D94: sub | E94: Feeding stuff for animals (excl. unmilled cereals) | F94: $ Millions | G94: A1828653F | H94: ='Import-dataset'!K6 -> 1100
A95: Import | B95: 2019 | C95: 08 | D95: sub | E95: Feeding stuff for animals (excl. unmilled cereals) | F95: $ Millions | G95: A1828653F | H95: ='Import-dataset'!K7 -> 1238
A96: Import | B96: 2020 | C96: 08 | D96: sub | E96: Feeding stuff for animals (excl. unmilled cereals) | F96: $ Millions | G96: A1828653F | H96: ='Import-dataset'!K8 -> 1355
A97: Import | B97: 2021 | C97: 08 | D97: sub | E97: Feeding stuff for animals (excl. unmilled cereals) | F97: $ Millions | G97: A1828653F | H97: ='Import-dataset'!K9 -> 1220
A98: Import | B98: 2022 | C98: 08 | D98: sub | E98: Feeding stuff for animals (excl. unmilled cereals) | F98: $ Millions | G98: A1828653F | H98: ='Import-dataset'!K10 -> 1660
A99: Import | B99: 2023 | C99: 08 | D99: sub | E99: Feeding stuff for animals (excl. unmilled cereals) | F99: $ Millions | G99: A1828653F | H99: ='Import-dataset'!K11 -> 1438
A100: Import | B100: 2024 | C100: 08 | D100: sub | E100: Feeding stuff for animals (excl. unmilled cereals) | F100: $ Millions | G100: A1828653F | H100: ='Import-dataset'!K12 -> 1647
...

Sheet Main-Analytics
A1: Main category analytics, import and export
A2: Every cell is a live formula that reads the two dataset sheets. Values are in $ Millions unless the block says otherwise.
A4: Export: value ($ Millions)
A5: Code | B5: Category | C5: 2016 | D5: 2017 | E5: 2018 | F5: 2019 | G5: 2020 | H5: 2021 | I5: 2022 | J5: 2023 | K5: 2024 | L5: 2025
A6: 0 | B6: Food and live animals | C6: ='Export-dataset'!B4 -> 32621 | D6: ='Export-dataset'!B5 -> 36596 | E6: ='Export-dataset'!B6 -> 35271 | F6: ='Export-dataset'!B7 -> 37649 | G6: ='Export-dataset'!B8 -> 35628 | H6: ='Export-dataset'!B9 -> 43540 | I6: ='Export-dataset'!B10 -> 53122 | J6: ='Export-dataset'!B11 -> 54749 | K6: ='Export-dataset'!B12 -> 52562 | L6: ='Export-dataset'!B13 -> 62043
A7: 1 | B7: Beverages and tobacco | C7: ='Export-dataset'!M4 -> 2679 | D7: ='Export-dataset'!M5 -> 3031 | E7: ='Export-dataset'!M6 -> 3377 | F7: ='Export-dataset'!M7 -> 3582 | G7: ='Export-dataset'!M8 -> 3283 | H7: ='Export-dataset'!M9 -> 2523 | I7: ='Export-dataset'!M10 -> 2572 | J7: ='Export-dataset'!M11 -> 2548 | K7: ='Export-dataset'!M12 -> 3179 | L7: ='Export-dataset'!M13 -> 3066
A8: 2 | B8: Crude materials, inedible, except fuels | C8: ='Export-dataset'!P4 -> 83621 | D8: ='Export-dataset'!P5 -> 99473 | E8: ='Export-dataset'!P6 -> 106879 | F8: ='Export-dataset'!P7 -> 136415 | G8: ='Export-dataset'!P8 -> 151968 | H8: ='Export-dataset'!P9 -> 198179 | I8: ='Export-dataset'!P10 -> 188296 | J8: ='Export-dataset'!P11 -> 202961 | K8: ='Export-dataset'!P12 -> 179588 | L8: ='Export-dataset'!P13 -> 180651
A9: 3 | B9: Mineral fuels, lubricants and related materials | C9: ='Export-dataset'!Z4 -> 67702 | D9: ='Export-dataset'!Z5 -> 91149 | E9: ='Export-dataset'!Z6 -> 122269 | F9: ='Export-dataset'!Z7 -> 126288 | G9: ='Export-dataset'!Z8 -> 88821 | H9: ='Export-dataset'!Z9 -> 126395 | I9: ='Export-dataset'!Z10 -> 251334 | J9: ='Export-dataset'!Z11 -> 195549 | K9: ='Export-dataset'!Z12 -> 170842 | L9: ='Export-dataset'!Z13 -> 140181
A10: 4 | B10: Animal and vegetable oils, fats and waxes | C10: ='Export-dataset'!AD4 -> 675 | D10: ='Export-dataset'!AD5 -> 680 | E10: ='Export-dataset'!AD6 -> 663 | F10: ='Export-dataset'!AD7 -> 647 | G10: ='Export-dataset'!AD8 -> 761 | H10: ='Export-dataset'!AD9 -> 1085 | I10: ='Export-dataset'!AD10 -> 1682 | J10: ='Export-dataset'!AD11 -> 1609 | K10: ='Export-dataset'!AD12 -> 1397 | L10: ='Export-dataset'!AD13 -> 1806
A11: 5 | B11: Chemicals and related products, nes | C11: ='Export-dataset'!AH4 -> 8367 | D11: ='Export-dataset'!AH5 -> 8643 | E11: ='Export-dataset'!AH6 -> 10510 | F11: ='Export-dataset'!AH7 -> 11971 | G11: ='Export-dataset'!AH8 -> 11092 | H11: ='Export-dataset'!AH9 -> 10052 | I11: ='Export-dataset'!AH10 -> 12575 | J11: ='Export-dataset'!AH11 -> 11484 | K11: ='Export-dataset'!AH12 -> 12272 | L11: ='Export-dataset'!AH13 -> 12141
A12: 6 | B12: Manufactured goods classified chiefly by material | C12: ='Export-dataset'!AR4 -> 13406 | D12: ='Export-dataset'!AR5 -> 14749 | E12: ='Export-dataset'!AR6 -> 17031 | F12: ='Export-dataset'!AR7 -> 17567 | G12: ='Export-dataset'!AR8 -> 14708 | H12: ='Export-dataset'!AR9 -> 16703 | I12: ='Export-dataset'!AR10 -> 19431 | J12: ='Export-dataset'!AR11 -> 19357 | K12: ='Export-dataset'!AR12 -> 20515 | L12: ='Export-dataset'!AR13 -> 22719
A13: 7 | B13: Machinery and transport equipment | C13: ='Export-dataset'!BB4 -> 15387 | D13: ='Export-dataset'!BB5 -> 14638 | E13: ='Export-dataset'!BB6 -> 15352 | F13: ='Export-dataset'!BB7 -> 16992 | G13: ='Export-dataset'!BB8 -> 14678 | H13: ='Export-dataset'!BB9 -> 14728 | I13: ='Export-dataset'!BB10 -> 16516 | J13: ='Export-dataset'!BB11 -> 18604 | K13: ='Export-dataset'!BB12 -> 20484 | L13: ='Export-dataset'!BB13 -> 22210
A14: 8 | B14: Miscellaneous manufactured articles | C14: ='Export-dataset'!BL4 -> 6558 | D14: ='Export-dataset'!BL5 -> 6857 | E14: ='Export-dataset'!BL6 -> 7288 | F14: ='Export-dataset'!BL7 -> 8208 | G14: ='Export-dataset'!BL8 -> 7376 | H14: ='Export-dataset'!BL9 -> 8036 | I14: ='Export-dataset'!BL10 -> 9077 | J14: ='Export-dataset'!BL11 -> 10517 | K14: ='Export-dataset'!BL12 -> 10974 | L14: ='Export-dataset'!BL13 -> 11863
A15: 9 | B15: Commodities and transactions not classified elsewhere in the SITC | C15: ='Export-dataset'!BU4 -> 27452 | D15: ='Export-dataset'!BU5 -> 25523 | E15: ='Export-dataset'!BU6 -> 25975 | F15: ='Export-dataset'!BU7 -> 30661 | G15: ='Export-dataset'!BU8 -> 34408 | H15: ='Export-dataset'!BU9 -> 36933 | I15: ='Export-dataset'!BU10 -> 39255 | J15: ='Export-dataset'!BU11 -> 41247 | K15: ='Export-dataset'!BU12 -> 45169 | L15: ='Export-dataset'!BU13 -> 66414
A17: Export: year on year growth
A18: Code | B18: Category | C18: 2017 | D18: 2018 | E18: 2019 | F18: 2020 | G18: 2021 | H18: 2022 | I18: 2023 | J18: 2024 | K18: 2025
A19: 0 | B19: Food and live animals | C19: =IFERROR('Export-dataset'!B5/'Export-dataset'!B4-1,"") -> 0.12185402 | D19: =IFERROR('Export-dataset'!B6/'Export-dataset'!B5-1,"") -> -0.036206143 | E19: =IFERROR('Export-dataset'!B7/'Export-dataset'!B6-1,"") -> 0.067420827 | F19: =IFERROR('Export-dataset'!B8/'Export-dataset'!B7-1,"") -> -0.053680045 | G19: =IFERROR('Export-dataset'!B9/'Export-dataset'!B8-1,"") -> 0.22207253 | H19: =IFERROR('Export-dataset'!B10/'Export-dataset'!B9-1,"") -> 0.2200735 | I19: =IFERROR('Export-dataset'!B11/'Export-dataset'!B10-1,"") -> 0.030627612 | J19: =IFERROR('Export-dataset'!B12/'Export-dataset'!B11-1,"") -> -0.039945935 | K19: =IFERROR('Export-dataset'!B13/'Export-dataset'!B12-1,"") -> 0.18037746
A20: 1 | B20: Beverages and tobacco | C20: =IFERROR('Export-dataset'!M5/'Export-dataset'!M4-1,"") -> 0.13139231 | D20: =IFERROR('Export-dataset'!M6/'Export-dataset'!M5-1,"") -> 0.11415374 | E20: =IFERROR('Export-dataset'!M7/'Export-dataset'!M6-1,"") -> 0.060704768 | F20: =IFERROR('Export-dataset'!M8/'Export-dataset'!M7-1,"") -> -0.08347292 | G20: =IFERROR('Export-dataset'!M9/'Export-dataset'!M8-1,"") -> -0.23149558 | H20: =IFERROR('Export-dataset'!M10/'Export-dataset'!M9-1,"") -> 0.019421324 | I20: =IFERROR('Export-dataset'!M11/'Export-dataset'!M10-1,"") -> -0.0093312597 | J20: =IFERROR('Export-dataset'!M12/'Export-dataset'!M11-1,"") -> 0.24764521 | K20: =IFERROR('Export-dataset'!M13/'Export-dataset'!M12-1,"") -> -0.035545769
A21: 2 | B21: Crude materials, inedible, except fuels | C21: =IFERROR('Export-dataset'!P5/'Export-dataset'!P4-1,"") -> 0.18956961 | D21: =IFERROR('Export-dataset'!P6/'Export-dataset'!P5-1,"") -> 0.074452364 | E21: =IFERROR('Export-dataset'!P7/'Export-dataset'!P6-1,"") -> 0.27634989 | F21: =IFERROR('Export-dataset'!P8/'Export-dataset'!P7-1,"") -> 0.11401239 | G21: =IFERROR('Export-dataset'!P9/'Export-dataset'!P8-1,"") -> 0.30408375 | H21: =IFERROR('Export-dataset'!P10/'Export-dataset'!P9-1,"") -> -0.049869058 | I21: =IFERROR('Export-dataset'!P11/'Export-dataset'!P10-1,"") -> 0.077882695 | J21: =IFERROR('Export-dataset'!P12/'Export-dataset'!P11-1,"") -> -0.11516006 | K21: =IFERROR('Export-dataset'!P13/'Export-dataset'!P12-1,"") -> 0.0059191037
A22: 3 | B22: Mineral fuels, lubricants and related materials | C22: =IFERROR('Export-dataset'!Z5/'Export-dataset'!Z4-1,"") -> 0.34632655 | D22: =IFERROR('Export-dataset'!Z6/'Export-dataset'!Z5-1,"") -> 0.341419 | E22: =IFERROR('Export-dataset'!Z7/'Export-dataset'!Z6-1,"") -> 0.032870147 | F22: =IFERROR('Export-dataset'!Z8/'Export-dataset'!Z7-1,"") -> -0.29667902 | G22: =IFERROR('Export-dataset'!Z9/'Export-dataset'!Z8-1,"") -> 0.42303059 | H22: =IFERROR('Export-dataset'!Z10/'Export-dataset'!Z9-1,"") -> 0.98848056 | I22: =IFERROR('Export-dataset'!Z11/'Export-dataset'!Z10-1,"") -> -0.22195564 | J22: =IFERROR('Export-dataset'!Z12/'Export-dataset'!Z11-1,"") -> -0.12634685 | K22: =IFERROR('Export-dataset'!Z13/'Export-dataset'!Z12-1,"") -> -0.17946992
A23: 4 | B23: Animal and vegetable oils, fats and waxes | C23: =IFERROR('Export-dataset'!AD5/'Export-dataset'!AD4-1,"") -> 0.0074074074 | D23: =IFERROR('Export-dataset'!AD6/'Export-dataset'!AD5-1,"") -> -0.025 | E23: =IFERROR('Export-dataset'!AD7/'Export-dataset'!AD6-1,"") -> -0.02413273 | F23: =IFERROR('Export-dataset'!AD8/'Export-dataset'!AD7-1,"") -> 0.17619784 | G23: =IFERROR('Export-dataset'!AD9/'Export-dataset'!AD8-1,"") -> 0.42575558 | H23: =IFERROR('Export-dataset'!AD10/'Export-dataset'!AD9-1,"") -> 0.55023041 | I23: =IFERROR('Export-dataset'!AD11/'Export-dataset'!AD10-1,"") -> -0.043400713 | J23: =IFERROR('Export-dataset'!AD12/'Export-dataset'!AD11-1,"") -> -0.13175886 | K23: =IFERROR('Export-dataset'!AD13/'Export-dataset'!AD12-1,"") -> 0.29277022
A24: 5 | B24: Chemicals and related products, nes | C24: =IFERROR('Export-dataset'!AH5/'Export-dataset'!AH4-1,"") -> 0.032986734 | D24: =IFERROR('Export-dataset'!AH6/'Export-dataset'!AH5-1,"") -> 0.21601296 | E24: =IFERROR('Export-dataset'!AH7/'Export-dataset'!AH6-1,"") -> 0.13901047 | F24: =IFERROR('Export-dataset'!AH8/'Export-dataset'!AH7-1,"") -> -0.07342745 | G24: =IFERROR('Export-dataset'!AH9/'Export-dataset'!AH8-1,"") -> -0.093761269 | H24: =IFERROR('Export-dataset'!AH10/'Export-dataset'!AH9-1,"") -> 0.25099483 | I24: =IFERROR('Export-dataset'!AH11/'Export-dataset'!AH10-1,"") -> -0.086759443 | J24: =IFERROR('Export-dataset'!AH12/'Export-dataset'!AH11-1,"") -> 0.068617207 | K24: =IFERROR('Export-dataset'!AH13/'Export-dataset'!AH12-1,"") -> -0.010674707
A25: 6 | B25: Manufactured goods classified chiefly by material | C25: =IFERROR('Export-dataset'!AR5/'Export-dataset'!AR4-1,"") -> 0.10017902 | D25: =IFERROR('Export-dataset'!AR6/'Export-dataset'!AR5-1,"") -> 0.15472235 | E25: =IFERROR('Export-dataset'!AR7/'Export-dataset'!AR6-1,"") -> 0.031472022 | F25: =IFERROR('Export-dataset'!AR8/'Export-dataset'!AR7-1,"") -> -0.16274833 | G25: =IFERROR('Export-dataset'!AR9/'Export-dataset'!AR8-1,"") -> 0.13564047 | H25: =IFERROR('Export-dataset'!AR10/'Export-dataset'!AR9-1,"") -> 0.16332395 | I25: =IFERROR('Export-dataset'!AR11/'Export-dataset'!AR10-1,"") -> -0.0038083475 | J25: =IFERROR('Export-dataset'!AR12/'Export-dataset'!AR11-1,"") -> 0.05982332 | K25: =IFERROR('Export-dataset'!AR13/'Export-dataset'!AR12-1,"") -> 0.10743359
A26: 7 | B26: Machinery and transport equipment | C26: =IFERROR('Export-dataset'!BB5/'Export-dataset'!BB4-1,"") -> -0.048677455 | D26: =IFERROR('Export-dataset'!BB6/'Export-dataset'!BB5-1,"") -> 0.048777155 | E26: =IFERROR('Export-dataset'!BB7/'Export-dataset'!BB6-1,"") -> 0.10682647 | F26: =IFERROR('Export-dataset'!BB8/'Export-dataset'!BB7-1,"") -> -0.13618173 | G26: =IFERROR('Export-dataset'!BB9/'Export-dataset'!BB8-1,"") -> 0.0034064586 | H26: =IFERROR('Export-dataset'!BB10/'Export-dataset'!BB9-1,"") -> 0.12140141 | I26: =IFERROR('Export-dataset'!BB11/'Export-dataset'!BB10-1,"") -> 0.12642286 | J26: =IFERROR('Export-dataset'!BB12/'Export-dataset'!BB11-1,"") -> 0.10105354 | K26: =IFERROR('Export-dataset'!BB13/'Export-dataset'!BB12-1,"") -> 0.084260887
A27: 8 | B27: Miscellaneous manufactured articles | C27: =IFERROR('Export-dataset'!BL5/'Export-dataset'!BL4-1,"") -> 0.045593169 | D27: =IFERROR('Export-dataset'!BL6/'Export-dataset'!BL5-1,"") -> 0.062855476 | E27: =IFERROR('Export-dataset'!BL7/'Export-dataset'!BL6-1,"") -> 0.12623491 | F27: =IFERROR('Export-dataset'!BL8/'Export-dataset'!BL7-1,"") -> -0.10136452 | G27: =IFERROR('Export-dataset'!BL9/'Export-dataset'!BL8-1,"") -> 0.089479393 | H27: =IFERROR('Export-dataset'!BL10/'Export-dataset'!BL9-1,"") -> 0.12954206 | I27: =IFERROR('Export-dataset'!BL11/'Export-dataset'!BL10-1,"") -> 0.15864272 | J27: =IFERROR('Export-dataset'!BL12/'Export-dataset'!BL11-1,"") -> 0.043453456 | K27: =IFERROR('Export-dataset'!BL13/'Export-dataset'!BL12-1,"") -> 0.081009659
A28: 9 | B28: Commodities and transactions not classified elsewhere in the SITC | C28: =IFERROR('Export-dataset'!BU5/'Export-dataset'!BU4-1,"") -> -0.070268104 | D28: =IFERROR('Export-dataset'!BU6/'Export-dataset'!BU5-1,"") -> 0.017709517 | E28: =IFERROR('Export-dataset'!BU7/'Export-dataset'!BU6-1,"") -> 0.18040423 | F28: =IFERROR('Export-dataset'!BU8/'Export-dataset'!BU7-1,"") -> 0.12220736 | G28: =IFERROR('Export-dataset'!BU9/'Export-dataset'!BU8-1,"") -> 0.073384097 | H28: =IFERROR('Export-dataset'!BU10/'Export-dataset'!BU9-1,"") -> 0.062870604 | I28: =IFERROR('Export-dataset'!BU11/'Export-dataset'!BU10-1,"") -> 0.050745128 | J28: =IFERROR('Export-dataset'!BU12/'Export-dataset'!BU11-1,"") -> 0.095085703 | K28: =IFERROR('Export-dataset'!BU13/'Export-dataset'!BU12-1,"") -> 0.47034471
A30: Export: index (2016 = 100)
A31: Code | B31: Category | C31: 2016 | D31: 2017 | E31: 2018 | F31: 2019 | G31: 2020 | H31: 2021 | I31: 2022 | J31: 2023 | K31: 2024 | L31: 2025
A32: 0 | B32: Food and live animals | C32: ='Export-dataset'!B4/'Export-dataset'!B4*100 -> 100 | D32: ='Export-dataset'!B5/'Export-dataset'!B4*100 -> 112.1854 | E32: ='Export-dataset'!B6/'Export-dataset'!B4*100 -> 108.1236 | F32: ='Export-dataset'!B7/'Export-dataset'!B4*100 -> 115.41338 | G32: ='Export-dataset'!B8/'Export-dataset'!B4*100 -> 109.21799 | H32: ='Export-dataset'!B9/'Export-dataset'!B4*100 -> 133.4723 | I32: ='Export-dataset'!B10/'Export-dataset'!B4*100 -> 162.84602 | J32: ='Export-dataset'!B11/'Export-dataset'!B4*100 -> 167.8336 | K32: ='Export-dataset'!B12/'Export-dataset'!B4*100 -> 161.12933 | L32: ='Export-dataset'!B13/'Export-dataset'!B4*100 -> 190.19343
A33: 1 | B33: Beverages and tobacco | C33: ='Export-dataset'!M4/'Export-dataset'!M4*100 -> 100 | D33: ='Export-dataset'!M5/'Export-dataset'!M4*100 -> 113.13923 | E33: ='Export-dataset'!M6/'Export-dataset'!M4*100 -> 126.0545 | F33: ='Export-dataset'!M7/'Export-dataset'!M4*100 -> 133.70661 | G33: ='Export-dataset'!M8/'Export-dataset'!M4*100 -> 122.54573 | H33: ='Export-dataset'!M9/'Export-dataset'!M4*100 -> 94.176932 | I33: ='Export-dataset'!M10/'Export-dataset'!M4*100 -> 96.005972 | J33: ='Export-dataset'!M11/'Export-dataset'!M4*100 -> 95.110116 | K33: ='Export-dataset'!M12/'Export-dataset'!M4*100 -> 118.66368 | L33: ='Export-dataset'!M13/'Export-dataset'!M4*100 -> 114.44569
A34: 2 | B34: Crude materials, inedible, except fuels | C34: ='Export-dataset'!P4/'Export-dataset'!P4*100 -> 100 | D34: ='Export-dataset'!P5/'Export-dataset'!P4*100 -> 118.95696 | E34: ='Export-dataset'!P6/'Export-dataset'!P4*100 -> 127.81359 | F34: ='Export-dataset'!P7/'Export-dataset'!P4*100 -> 163.13486 | G34: ='Export-dataset'!P8/'Export-dataset'!P4*100 -> 181.73425 | H34: ='Export-dataset'!P9/'Export-dataset'!P4*100 -> 236.99669 | I34: ='Export-dataset'!P10/'Export-dataset'!P4*100 -> 225.17789 | J34: ='Export-dataset'!P11/'Export-dataset'!P4*100 -> 242.71535 | K34: ='Export-dataset'!P12/'Export-dataset'!P4*100 -> 214.76423 | L34: ='Export-dataset'!P13/'Export-dataset'!P4*100 -> 216.03545
A35: 3 | B35: Mineral fuels, lubricants and related materials | C35: ='Export-dataset'!Z4/'Export-dataset'!Z4*100 -> 100 | D35: ='Export-dataset'!Z5/'Export-dataset'!Z4*100 -> 134.63265 | E35: ='Export-dataset'!Z6/'Export-dataset'!Z4*100 -> 180.5988 | F35: ='Export-dataset'!Z7/'Export-dataset'!Z4*100 -> 186.53511 | G35: ='Export-dataset'!Z8/'Export-dataset'!Z4*100 -> 131.19406 | H35: ='Export-dataset'!Z9/'Export-dataset'!Z4*100 -> 186.69316 | I35: ='Export-dataset'!Z10/'Export-dataset'!Z4*100 -> 371.23571 | J35: ='Export-dataset'!Z11/'Export-dataset'!Z4*100 -> 288.83785 | K35: ='Export-dataset'!Z12/'Export-dataset'!Z4*100 -> 252.3441 | L35: ='Export-dataset'!Z13/'Export-dataset'!Z4*100 -> 207.05592
A36: 4 | B36: Animal and vegetable oils, fats and waxes | C36: ='Export-dataset'!AD4/'Export-dataset'!AD4*100 -> 100 | D36: ='Export-dataset'!AD5/'Export-dataset'!AD4*100 -> 100.74074 | E36: ='Export-dataset'!AD6/'Export-dataset'!AD4*100 -> 98.222222 | F36: ='Export-dataset'!AD7/'Export-dataset'!AD4*100 -> 95.851852 | G36: ='Export-dataset'!AD8/'Export-dataset'!AD4*100 -> 112.74074 | H36: ='Export-dataset'!AD9/'Export-dataset'!AD4*100 -> 160.74074 | I36: ='Export-dataset'!AD10/'Export-dataset'!AD4*100 -> 249.18519 | J36: ='Export-dataset'!AD11/'Export-dataset'!AD4*100 -> 238.37037 | K36: ='Export-dataset'!AD12/'Export-dataset'!AD4*100 -> 206.96296 | L36: ='Export-dataset'!AD13/'Export-dataset'!AD4*100 -> 267.55556
A37: 5 | B37: Chemicals and related products, nes | C37: ='Export-dataset'!AH4/'Export-dataset'!AH4*100 -> 100 | D37: ='Export-dataset'!AH5/'Export-dataset'!AH4*100 -> 103.29867 | E37: ='Export-dataset'!AH6/'Export-dataset'!AH4*100 -> 125.61253 | F37: ='Export-dataset'!AH7/'Export-dataset'!AH4*100 -> 143.07398 | G37: ='Export-dataset'!AH8/'Export-dataset'!AH4*100 -> 132.56842 | H37: ='Export-dataset'!AH9/'Export-dataset'!AH4*100 -> 120.13864 | I37: ='Export-dataset'!AH10/'Export-dataset'!AH4*100 -> 150.29282 | J37: ='Export-dataset'!AH11/'Export-dataset'!AH4*100 -> 137.2535 | K37: ='Export-dataset'!AH12/'Export-dataset'!AH4*100 -> 146.67145 | L37: ='Export-dataset'!AH13/'Export-dataset'!AH4*100 -> 145.10577
A38: 6 | B38: Manufactured goods classified chiefly by material | C38: ='Export-dataset'!AR4/'Export-dataset'!AR4*100 -> 100 | D38: ='Export-dataset'!AR5/'Export-dataset'!AR4*100 -> 110.0179 | E38: ='Export-dataset'!AR6/'Export-dataset'!AR4*100 -> 127.04013 | F38: ='Export-dataset'!AR7/'Export-dataset'!AR4*100 -> 131.03834 | G38: ='Export-dataset'!AR8/'Export-dataset'!AR4*100 -> 109.71207 | H38: ='Export-dataset'!AR9/'Export-dataset'!AR4*100 -> 124.59347 | I38: ='Export-dataset'!AR10/'Export-dataset'!AR4*100 -> 144.94256 | J38: ='Export-dataset'!AR11/'Export-dataset'!AR4*100 -> 144.39057 | K38: ='Export-dataset'!AR12/'Export-dataset'!AR4*100 -> 153.02849 | L38: ='Export-dataset'!AR13/'Export-dataset'!AR4*100 -> 169.46889
A39: 7 | B39: Machinery and transport equipment | C39: ='Export-dataset'!BB4/'Export-dataset'!BB4*100 -> 100 | D39: ='Export-dataset'!BB5/'Export-dataset'!BB4*100 -> 95.132255 | E39: ='Export-dataset'!BB6/'Export-dataset'!BB4*100 -> 99.772535 | F39: ='Export-dataset'!BB7/'Export-dataset'!BB4*100 -> 110.43088 | G39: ='Export-dataset'!BB8/'Export-dataset'!BB4*100 -> 95.392214 | H39: ='Export-dataset'!BB9/'Export-dataset'!BB4*100 -> 95.717164 | I39: ='Export-dataset'!BB10/'Export-dataset'!BB4*100 -> 107.33736 | J39: ='Export-dataset'!BB11/'Export-dataset'!BB4*100 -> 120.90726 | K39: ='Export-dataset'!BB12/'Export-dataset'!BB4*100 -> 133.12537 | L39: ='Export-dataset'!BB13/'Export-dataset'!BB4*100 -> 144.34263
A40: 8 | B40: Miscellaneous manufactured articles | C40: ='Export-dataset'!BL4/'Export-dataset'!BL4*100 -> 100 | D40: ='Export-dataset'!BL5/'Export-dataset'!BL4*100 -> 104.55932 | E40: ='Export-dataset'!BL6/'Export-dataset'!BL4*100 -> 111.13144 | F40: ='Export-dataset'!BL7/'Export-dataset'!BL4*100 -> 125.16011 | G40: ='Export-dataset'!BL8/'Export-dataset'!BL4*100 -> 112.47332 | H40: ='Export-dataset'!BL9/'Export-dataset'!BL4*100 -> 122.53736 | I40: ='Export-dataset'!BL10/'Export-dataset'!BL4*100 -> 138.4111 | J40: ='Export-dataset'!BL11/'Export-dataset'!BL4*100 -> 160.36901 | K40: ='Export-dataset'!BL12/'Export-dataset'!BL4*100 -> 167.3376 | L40: ='Export-dataset'!BL13/'Export-dataset'!BL4*100 -> 180.89357
A41: 9 | B41: Commodities and transactions not classified elsewhere in the SITC | C41: ='Export-dataset'!BU4/'Export-dataset'!BU4*100 -> 100 | D41: ='Export-dataset'!BU5/'Export-dataset'!BU4*100 -> 92.97319 | E41: ='Export-dataset'!BU6/'Export-dataset'!BU4*100 -> 94.6197 | F41: ='Export-dataset'!BU7/'Export-dataset'!BU4*100 -> 111.68949 | G41: ='Export-dataset'!BU8/'Export-dataset'!BU4*100 -> 125.33877 | H41: ='Export-dataset'!BU9/'Export-dataset'!BU4*100 -> 134.53665 | I41: ='Export-dataset'!BU10/'Export-dataset'!BU4*100 -> 142.99505 | J41: ='Export-dataset'!BU11/'Export-dataset'!BU4*100 -> 150.25135 | K41: ='Export-dataset'!BU12/'Export-dataset'!BU4*100 -> 164.5381 | L41: ='Export-dataset'!BU13/'Export-dataset'!BU4*100 -> 241.92773
A43: Export: share of export total
A44: Code | B44: Category | C44: 2016 | D44: 2017 | E44: 2018 | F44: 2019 | G44: 2020 | H44: 2021 | I44: 2022 | J44: 2023 | K44: 2024 | L44: 2025
A45: 0 | B45: Food and live animals | C45: ='Export-dataset'!B4/'Export-dataset'!CA4 -> 0.12620856 | D45: ='Export-dataset'!B5/'Export-dataset'!CA5 -> 0.12144663 | E45: ='Export-dataset'!B6/'Export-dataset'!CA6 -> 0.102349 | F45: ='Export-dataset'!B7/'Export-dataset'!CA7 -> 0.096540601 | G45: ='Export-dataset'!B8/'Export-dataset'!CA8 -> 0.098222359 | H45: ='Export-dataset'!B9/'Export-dataset'!CA9 -> 0.095030644 | I45: ='Export-dataset'!B10/'Export-dataset'!CA10 -> 0.089451306 | J45: ='Export-dataset'!B11/'Export-dataset'!CA11 -> 0.098007064 | K45: ='Export-dataset'!B12/'Export-dataset'!CA12 -> 0.10167065 | L45: ='Export-dataset'!B13/'Export-dataset'!CA13 -> 0.11860684
A46: 1 | B46: Beverages and tobacco | C46: ='Export-dataset'!M4/'Export-dataset'!CA4 -> 0.010364879 | D46: ='Export-dataset'!M5/'Export-dataset'!CA5 -> 0.010058606 | E46: ='Export-dataset'!M6/'Export-dataset'!CA6 -> 0.0097993413 | F46: ='Export-dataset'!M7/'Export-dataset'!CA7 -> 0.0091850629 | G46: ='Export-dataset'!M8/'Export-dataset'!CA8 -> 0.009050859 | H46: ='Export-dataset'!M9/'Export-dataset'!CA9 -> 0.0055067137 | I46: ='Export-dataset'!M10/'Export-dataset'!CA10 -> 0.0043309506 | J46: ='Export-dataset'!M11/'Export-dataset'!CA11 -> 0.0045612157 | K46: ='Export-dataset'!M12/'Export-dataset'!CA12 -> 0.0061491384 | L46: ='Export-dataset'!M13/'Export-dataset'!CA13 -> 0.0058612344
A47: 2 | B47: Crude materials, inedible, except fuels | C47: ='Export-dataset'!P4/'Export-dataset'!CA4 -> 0.32352429 | D47: ='Export-dataset'!P5/'Export-dataset'!CA5 -> 0.33010878 | E47: ='Export-dataset'!P6/'Export-dataset'!CA6 -> 0.3101403 | F47: ='Export-dataset'!P7/'Export-dataset'!CA7 -> 0.34979909 | G47: ='Export-dataset'!P8/'Export-dataset'!CA8 -> 0.41895856 | H47: ='Export-dataset'!P9/'Export-dataset'!CA9 -> 0.43254658 | I47: ='Export-dataset'!P10/'Export-dataset'!CA10 -> 0.31706869 | J47: ='Export-dataset'!P11/'Export-dataset'!CA11 -> 0.36332374 | K47: ='Export-dataset'!P12/'Export-dataset'!CA12 -> 0.34737699 | L47: ='Export-dataset'!P13/'Export-dataset'!CA13 -> 0.34534829
A48: 3 | B48: Mineral fuels, lubricants and related materials | C48: ='Export-dataset'!Z4/'Export-dataset'!CA4 -> 0.2619347 | D48: ='Export-dataset'!Z5/'Export-dataset'!CA5 -> 0.30248495 | E48: ='Export-dataset'!Z6/'Export-dataset'!CA6 -> 0.35479883 | F48: ='Export-dataset'!Z7/'Export-dataset'!CA7 -> 0.32383116 | G48: ='Export-dataset'!Z8/'Export-dataset'!CA8 -> 0.24486943 | H48: ='Export-dataset'!Z9/'Export-dataset'!CA9 -> 0.27587042 | I48: ='Export-dataset'!Z10/'Export-dataset'!CA10 -> 0.4232174 | J48: ='Export-dataset'!Z11/'Export-dataset'!CA11 -> 0.3500554 | K48: ='Export-dataset'!Z12/'Export-dataset'!CA12 -> 0.33045961 | L48: ='Export-dataset'!Z13/'Export-dataset'!CA13 -> 0.26798229
A49: 4 | B49: Animal and vegetable oils, fats and waxes | C49: ='Export-dataset'!AD4/'Export-dataset'!CA4 -> 0.0026115318 | D49: ='Export-dataset'!AD5/'Export-dataset'!CA5 -> 0.0022566322 | E49: ='Export-dataset'!AD6/'Export-dataset'!CA6 -> 0.0019238861 | F49: ='Export-dataset'!AD7/'Export-dataset'!CA7 -> 0.0016590552 | G49: ='Export-dataset'!AD8/'Export-dataset'!CA8 -> 0.0020979908 | H49: ='Export-dataset'!AD9/'Export-dataset'!CA9 -> 0.002368127 | I49: ='Export-dataset'!AD10/'Export-dataset'!CA10 -> 0.0028322935 | J49: ='Export-dataset'!AD11/'Export-dataset'!CA11 -> 0.0028802967 | K49: ='Export-dataset'!AD12/'Export-dataset'!CA12 -> 0.0027022165 | L49: ='Export-dataset'!AD13/'Export-dataset'!CA13 -> 0.0034525079
A50: 5 | B50: Chemicals and related products, nes | C50: ='Export-dataset'!AH4/'Export-dataset'!CA4 -> 0.032371387 | D50: ='Export-dataset'!AH5/'Export-dataset'!CA5 -> 0.028682459 | E50: ='Export-dataset'!AH6/'Export-dataset'!CA6 -> 0.030497802 | F50: ='Export-dataset'!AH7/'Export-dataset'!CA7 -> 0.030696367 | G50: ='Export-dataset'!AH8/'Export-dataset'!CA8 -> 0.030579387 | H50: ='Export-dataset'!AH9/'Export-dataset'!CA9 -> 0.021939551 | I50: ='Export-dataset'!AH10/'Export-dataset'!CA10 -> 0.021174846 | J50: ='Export-dataset'!AH11/'Export-dataset'!CA11 -> 0.020557693 | K50: ='Export-dataset'!AH12/'Export-dataset'!CA12 -> 0.023737724 | L50: ='Export-dataset'!AH13/'Export-dataset'!CA13 -> 0.0232098
A51: 6 | B51: Manufactured goods classified chiefly by material | C51: ='Export-dataset'!AR4/'Export-dataset'!CA4 -> 0.051866955 | D51: ='Export-dataset'!AR5/'Export-dataset'!CA5 -> 0.048945688 | E51: ='Export-dataset'!AR6/'Export-dataset'!CA6 -> 0.049420368 | F51: ='Export-dataset'!AR7/'Export-dataset'!CA7 -> 0.045045784 | G51: ='Export-dataset'!AR8/'Export-dataset'!CA8 -> 0.04054829 | H51: ='Export-dataset'!AR9/'Export-dataset'!CA9 -> 0.03645606 | I51: ='Export-dataset'!AR10/'Export-dataset'!CA10 -> 0.032719557 | J51: ='Export-dataset'!AR11/'Export-dataset'!CA11 -> 0.034651276 | K51: ='Export-dataset'!AR12/'Export-dataset'!CA12 -> 0.039682156 | L51: ='Export-dataset'!AR13/'Export-dataset'!CA13 -> 0.043431632
A52: 7 | B52: Machinery and transport equipment | C52: ='Export-dataset'!BB4/'Export-dataset'!CA4 -> 0.059531317 | D52: ='Export-dataset'!BB5/'Export-dataset'!CA5 -> 0.048577326 | E52: ='Export-dataset'!BB6/'Export-dataset'!CA6 -> 0.044548264 | F52: ='Export-dataset'!BB7/'Export-dataset'!CA7 -> 0.043571353 | G52: ='Export-dataset'!BB8/'Export-dataset'!CA8 -> 0.040465583 | H52: ='Export-dataset'!BB9/'Export-dataset'!CA9 -> 0.032145414 | I52: ='Export-dataset'!BB10/'Export-dataset'!CA10 -> 0.027811034 | J52: ='Export-dataset'!BB11/'Export-dataset'!CA11 -> 0.033303319 | K52: ='Export-dataset'!BB12/'Export-dataset'!CA12 -> 0.039622193 | L52: ='Export-dataset'!BB13/'Export-dataset'!CA13 -> 0.042458583
A53: 8 | B53: Miscellaneous manufactured articles | C53: ='Export-dataset'!BL4/'Export-dataset'!CA4 -> 0.025372482 | D53: ='Export-dataset'!BL5/'Export-dataset'!CA5 -> 0.022755481 | E53: ='Export-dataset'!BL6/'Export-dataset'!CA6 -> 0.021148238 | F53: ='Export-dataset'!BL7/'Export-dataset'!CA7 -> 0.021047179 | G53: ='Export-dataset'!BL8/'Export-dataset'!CA8 -> 0.020334796 | H53: ='Export-dataset'!BL9/'Export-dataset'!CA9 -> 0.017539418 | I53: ='Export-dataset'!BL10/'Export-dataset'!CA10 -> 0.015284619 | J53: ='Export-dataset'!BL11/'Export-dataset'!CA11 -> 0.018826651 | K53: ='Export-dataset'!BL12/'Export-dataset'!CA12 -> 0.021227004 | L53: ='Export-dataset'!BL13/'Export-dataset'!CA13 -> 0.022678351
A54: 9 | B54: Commodities and transactions not classified elsewhere in the SITC | C54: ='Export-dataset'!BU4/'Export-dataset'!CA4 -> 0.10621003 | D54: ='Export-dataset'!BU5/'Export-dataset'!CA5 -> 0.084700034 | E54: ='Export-dataset'!BU6/'Export-dataset'!CA6 -> 0.075373968 | F54: ='Export-dataset'!BU7/'Export-dataset'!CA7 -> 0.078621779 | G54: ='Export-dataset'!BU8/'Export-dataset'!CA8 -> 0.094858958 | H54: ='Export-dataset'!BU9/'Export-dataset'!CA9 -> 0.080610169 | I54: ='Export-dataset'!BU10/'Export-dataset'!CA10 -> 0.066100882 | J54: ='Export-dataset'!BU11/'Export-dataset'!CA11 -> 0.073836917 | K54: ='Export-dataset'!BU12/'Export-dataset'!CA12 -> 0.087370378 | L54: ='Export-dataset'!BU13/'Export-dataset'!CA13 -> 0.12696283
A56: Export: decade summary
A57: Code | B57: Category | C57: CAGR 2016 to 2025 | D57: Contribution to growth ($ Millions) | E57: Share of total growth
A58: 0 | B58: Food and live animals | C58: =POWER('Export-dataset'!B13/'Export-dataset'!B4,1/9)-1 -> 0.074043137 | D58: ='Export-dataset'!B13-'Export-dataset'!B4 -> 29422 | E58: =('Export-dataset'!B13-'Export-dataset'!B4)/('Export-dataset'!CA13-'Export-dataset'!CA4) -> 0.11118207
A59: 1 | B59: Beverages and tobacco | C59: =POWER('Export-dataset'!M13/'Export-dataset'!M4,1/9)-1 -> 0.015105191 | D59: ='Export-dataset'!M13-'Export-dataset'!M4 -> 387 | E59: =('Export-dataset'!M13-'Export-dataset'!M4)/('Export-dataset'!CA13-'Export-dataset'!CA4) -> 0.0014624248
A60: 2 | B60: Crude materials, inedible, except fuels | C60: =POWER('Export-dataset'!P13/'Export-dataset'!P4,1/9)-1 -> 0.089355037 | D60: ='Export-dataset'!P13-'Export-dataset'!P4 -> 97030 | E60: =('Export-dataset'!P13-'Export-dataset'!P4)/('Export-dataset'!CA13-'Export-dataset'!CA4) -> 0.36666427
A61: 3 | B61: Mineral fuels, lubricants and related materials | C61: =POWER('Export-dataset'!Z13/'Export-dataset'!Z4,1/9)-1 -> 0.084228579 | D61: ='Export-dataset'!Z13-'Export-dataset'!Z4 -> 72479 | E61: =('Export-dataset'!Z13-'Export-dataset'!Z4)/('Export-dataset'!CA13-'Export-dataset'!CA4) -> 0.27388911
A62: 4 | B62: Animal and vegetable oils, fats and waxes | C62: =POWER('Export-dataset'!AD13/'Export-dataset'!AD4,1/9)-1 -> 0.1155536 | D62: ='Export-dataset'!AD13-'Export-dataset'!AD4 -> 1131 | E62: =('Export-dataset'!AD13-'Export-dataset'!AD4)/('Export-dataset'!CA13-'Export-dataset'!CA4) -> 0.004273908
A63: 5 | B63: Chemicals and related products, nes | C63: =POWER('Export-dataset'!AH13/'Export-dataset'!AH4,1/9)-1 -> 0.042233349 | D63: ='Export-dataset'!AH13-'Export-dataset'!AH4 -> 3774 | E63: =('Export-dataset'!AH13-'Export-dataset'!AH4)/('Export-dataset'!CA13-'Export-dataset'!CA4) -> 0.014261475
A64: 6 | B64: Manufactured goods classified chiefly by material | C64: =POWER('Export-dataset'!AR13/'Export-dataset'!AR4,1/9)-1 -> 0.060362704 | D64: ='Export-dataset'!AR13-'Export-dataset'!AR4 -> 9313 | E64: =('Export-dataset'!AR13-'Export-dataset'!AR4)/('Export-dataset'!CA13-'Export-dataset'!CA4) -> 0.035192666
A65: 7 | B65: Machinery and transport equipment | C65: =POWER('Export-dataset'!BB13/'Export-dataset'!BB4,1/9)-1 -> 0.041622882 | D65: ='Export-dataset'!BB13-'Export-dataset'!BB4 -> 6823 | E65: =('Export-dataset'!BB13-'Export-dataset'!BB4)/('Export-dataset'!CA13-'Export-dataset'!CA4) -> 0.025783266
A66: 8 | B66: Miscellaneous manufactured articles | C66: =POWER('Export-dataset'!BL13/'Export-dataset'!BL4,1/9)-1 -> 0.068077014 | D66: ='Export-dataset'!BL13-'Export-dataset'!BL4 -> 5305 | E66: =('Export-dataset'!BL13-'Export-dataset'!BL4)/('Export-dataset'!CA13-'Export-dataset'!CA4) -> 0.020046934
A67: 9 | B67: Commodities and transactions not classified elsewhere in the SITC | C67: =POWER('Export-dataset'!BU13/'Export-dataset'!BU4,1/9)-1 -> 0.10314281 | D67: ='Export-dataset'!BU13-'Export-dataset'!BU4 -> 38962 | E67: =('Export-dataset'!BU13-'Export-dataset'!BU4)/('Export-dataset'!CA13-'Export-dataset'!CA4) -> 0.14723254
A69: Import: value ($ Millions)
A70: Code | B70: Category | C70: 2016 | D70: 2017 | E70: 2018 | F70: 2019 | G70: 2020 | H70: 2021 | I70: 2022 | J70: 2023 | K70: 2024 | L70: 2025
A71: 0 | B71: Food and live animals | C71: ='Import-dataset'!B4 -> 13977 | D71: ='Import-dataset'!B5 -> 14304 | E71: ='Import-dataset'!B6 -> 15132 | F71: ='Import-dataset'!B7 -> 16938 | G71: ='Import-dataset'!B8 -> 17607 | H71: ='Import-dataset'!B9 -> 16410 | I71: ='Import-dataset'!B10 -> 19518 | J71: ='Import-dataset'!B11 -> 19684 | K71: ='Import-dataset'!B12 -> 22293 | L71: ='Import-dataset'!B13 -> 24515
A72: 1 | B72: Beverages and tobacco | C72: ='Import-dataset'!M4 -> 3271 | D72: ='Import-dataset'!M5 -> 3285 | E72: ='Import-dataset'!M6 -> 3541 | F72: ='Import-dataset'!M7 -> 3798 | G72: ='Import-dataset'!M8 -> 3475 | H72: ='Import-dataset'!M9 -> 3449 | I72: ='Import-dataset'!M10 -> 3850 | J72: ='Import-dataset'!M11 -> 3518 | K72: ='Import-dataset'!M12 -> 3349 | L72: ='Import-dataset'!M13 -> 3378
A73: 2 | B73: Crude materials, inedible, except fuels | C73: ='Import-dataset'!P4 -> 3206 | D73: ='Import-dataset'!P5 -> 3544 | E73: ='Import-dataset'!P6 -> 3985 | F73: ='Import-dataset'!P7 -> 3138 | G73: ='Import-dataset'!P8 -> 3257 | H73: ='Import-dataset'!P9 -> 4247 | I73: ='Import-dataset'!P10 -> 4653 | J73: ='Import-dataset'!P11 -> 3931 | K73: ='Import-dataset'!P12 -> 4119 | L73: ='Import-dataset'!P13 -> 5285
A74: 3 | B74: Mineral fuels, lubricants and related materials | C74: ='Import-dataset'!Z4 -> 23604 | D74: ='Import-dataset'!Z5 -> 29805 | E74: ='Import-dataset'!Z6 -> 40512 | F74: ='Import-dataset'!Z7 -> 38794 | G74: ='Import-dataset'!Z8 -> 23108 | H74: ='Import-dataset'!Z9 -> 34552 | I74: ='Import-dataset'!Z10 -> 65806 | J74: ='Import-dataset'!Z11 -> 60651 | K74: ='Import-dataset'!Z12 -> 56749 | L74: ='Import-dataset'!Z13 -> 53258
A75: 4 | B75: Animal and vegetable oils, fats and waxes | C75: ='Import-dataset'!AD4 -> 700 | D75: ='Import-dataset'!AD5 -> 702 | E75: ='Import-dataset'!AD6 -> 756 | F75: ='Import-dataset'!AD7 -> 725 | G75: ='Import-dataset'!AD8 -> 766 | H75: ='Import-dataset'!AD9 -> 831 | I75: ='Import-dataset'!AD10 -> 1094 | J75: ='Import-dataset'!AD11 -> 988 | K75: ='Import-dataset'!AD12 -> 1257 | L75: ='Import-dataset'!AD13 -> 1282
A76: 5 | B76: Chemicals and related products, nes | C76: ='Import-dataset'!AH4 -> 27705 | D76: ='Import-dataset'!AH5 -> 28054 | E76: ='Import-dataset'!AH6 -> 29837 | F76: ='Import-dataset'!AH7 -> 31024 | G76: ='Import-dataset'!AH8 -> 33291 | H76: ='Import-dataset'!AH9 -> 37021 | I76: ='Import-dataset'!AH10 -> 51393 | J76: ='Import-dataset'!AH11 -> 42831 | K76: ='Import-dataset'!AH12 -> 45032 | L76: ='Import-dataset'!AH13 -> 47675
A77: 6 | B77: Manufactured goods classified chiefly by material | C77: ='Import-dataset'!AR4 -> 28223 | D77: ='Import-dataset'!AR5 -> 28701 | E77: ='Import-dataset'!AR6 -> 32443 | F77: ='Import-dataset'!AR7 -> 32286 | G77: ='Import-dataset'!AR8 -> 34399 | H77: ='Import-dataset'!AR9 -> 36977 | I77: ='Import-dataset'!AR10 -> 44021 | J77: ='Import-dataset'!AR11 -> 40640 | K77: ='Import-dataset'!AR12 -> 43611 | L77: ='Import-dataset'!AR13 -> 45872
A78: 7 | B78: Machinery and transport equipment | C78: ='Import-dataset'!BB4 -> 103332 | D78: ='Import-dataset'!BB5 -> 117933 | E78: ='Import-dataset'!BB6 -> 121404 | F78: ='Import-dataset'!BB7 -> 123286 | G78: ='Import-dataset'!BB8 -> 119746 | H78: ='Import-dataset'!BB9 -> 135405 | I78: ='Import-dataset'!BB10 -> 156900 | J78: ='Import-dataset'!BB11 -> 173355 | K78: ='Import-dataset'!BB12 -> 180686 | L78: ='Import-dataset'!BB13 -> 190956
A79: 8 | B79: Miscellaneous manufactured articles | C79: ='Import-dataset'!BL4 -> 40365 | D79: ='Import-dataset'!BL5 -> 40571 | E79: ='Import-dataset'!BL6 -> 44299 | F79: ='Import-dataset'!BL7 -> 46308 | G79: ='Import-dataset'!BL8 -> 46038 | H79: ='Import-dataset'!BL9 -> 50131 | I79: ='Import-dataset'!BL10 -> 57476 | J79: ='Import-dataset'!BL11 -> 55698 | K79: ='Import-dataset'!BL12 -> 59310 | L79: ='Import-dataset'!BL13 -> 63028
A80: 9 | B80: Commodities and transactions not classified elsewhere in the SITC | C80: ='Import-dataset'!BU4 -> 9962 | D80: ='Import-dataset'!BU5 -> 21397 | E80: ='Import-dataset'!BU6 -> 12140 | F80: ='Import-dataset'!BU7 -> 11251 | G80: ='Import-dataset'!BU8 -> 11914 | H80: ='Import-dataset'!BU9 -> 11211 | I80: ='Import-dataset'!BU10 -> 12292 | J80: ='Import-dataset'!BU11 -> 12575 | K80: ='Import-dataset'!BU12 -> 13470 | L80: ='Import-dataset'!BU13 -> 25622
A82: Import: year on year growth
A83: Code | B83: Category | C83: 2017 | D83: 2018 | E83: 2019 | F83: 2020 | G83: 2021 | H83: 2022 | I83: 2023 | J83: 2024 | K83: 2025
A84: 0 | B84: Food and live animals | C84: =IFERROR('Import-dataset'!B5/'Import-dataset'!B4-1,"") -> 0.023395578 | D84: =IFERROR('Import-dataset'!B6/'Import-dataset'!B5-1,"") -> 0.057885906 | E84: =IFERROR('Import-dataset'!B7/'Import-dataset'!B6-1,"") -> 0.11934972 | F84: =IFERROR('Import-dataset'!B8/'Import-dataset'!B7-1,"") -> 0.039496989 | G84: =IFERROR('Import-dataset'!B9/'Import-dataset'!B8-1,"") -> -0.067984324 | H84: =IFERROR('Import-dataset'!B10/'Import-dataset'!B9-1,"") -> 0.18939671 | I84: =IFERROR('Import-dataset'!B11/'Import-dataset'!B10-1,"") -> 0.0085049698 | J84: =IFERROR('Import-dataset'!B12/'Import-dataset'!B11-1,"") -> 0.1325442 | K84: =IFERROR('Import-dataset'!B13/'Import-dataset'!B12-1,"") -> 0.099672543
A85: 1 | B85: Beverages and tobacco | C85: =IFERROR('Import-dataset'!M5/'Import-dataset'!M4-1,"") -> 0.0042800367 | D85: =IFERROR('Import-dataset'!M6/'Import-dataset'!M5-1,"") -> 0.077929985 | E85: =IFERROR('Import-dataset'!M7/'Import-dataset'!M6-1,"") -> 0.072578368 | F85: =IFERROR('Import-dataset'!M8/'Import-dataset'!M7-1,"") -> -0.08504476 | G85: =IFERROR('Import-dataset'!M9/'Import-dataset'!M8-1,"") -> -0.0074820144 | H85: =IFERROR('Import-dataset'!M10/'Import-dataset'!M9-1,"") -> 0.11626558 | I85: =IFERROR('Import-dataset'!M11/'Import-dataset'!M10-1,"") -> -0.086233766 | J85: =IFERROR('Import-dataset'!M12/'Import-dataset'!M11-1,"") -> -0.048038658 | K85: =IFERROR('Import-dataset'!M13/'Import-dataset'!M12-1,"") -> 0.0086593013
A86: 2 | B86: Crude materials, inedible, except fuels | C86: =IFERROR('Import-dataset'!P5/'Import-dataset'!P4-1,"") -> 0.10542732 | D86: =IFERROR('Import-dataset'!P6/'Import-dataset'!P5-1,"") -> 0.12443567 | E86: =IFERROR('Import-dataset'!P7/'Import-dataset'!P6-1,"") -> -0.21254705 | F86: =IFERROR('Import-dataset'!P8/'Import-dataset'!P7-1,"") -> 0.037922243 | G86: =IFERROR('Import-dataset'!P9/'Import-dataset'!P8-1,"") -> 0.3039607 | H86: =IFERROR('Import-dataset'!P10/'Import-dataset'!P9-1,"") -> 0.095596892 | I86: =IFERROR('Import-dataset'!P11/'Import-dataset'!P10-1,"") -> -0.15516871 | J86: =IFERROR('Import-dataset'!P12/'Import-dataset'!P11-1,"") -> 0.047824981 | K86: =IFERROR('Import-dataset'!P13/'Import-dataset'!P12-1,"") -> 0.28307842
A87: 3 | B87: Mineral fuels, lubricants and related materials | C87: =IFERROR('Import-dataset'!Z5/'Import-dataset'!Z4-1,"") -> 0.26270971 | D87: =IFERROR('Import-dataset'!Z6/'Import-dataset'!Z5-1,"") -> 0.35923503 | E87: =IFERROR('Import-dataset'!Z7/'Import-dataset'!Z6-1,"") -> -0.042407188 | F87: =IFERROR('Import-dataset'!Z8/'Import-dataset'!Z7-1,"") -> -0.40434088 | G87: =IFERROR('Import-dataset'!Z9/'Import-dataset'!Z8-1,"") -> 0.49523974 | H87: =IFERROR('Import-dataset'!Z10/'Import-dataset'!Z9-1,"") -> 0.90454966 | I87: =IFERROR('Import-dataset'!Z11/'Import-dataset'!Z10-1,"") -> -0.078336322 | J87: =IFERROR('Import-dataset'!Z12/'Import-dataset'!Z11-1,"") -> -0.064335295 | K87: =IFERROR('Import-dataset'!Z13/'Import-dataset'!Z12-1,"") -> -0.061516502
A88: 4 | B88: Animal and vegetable oils, fats and waxes | C88: =IFERROR('Import-dataset'!AD5/'Import-dataset'!AD4-1,"") -> 0.0028571429 | D88: =IFERROR('Import-dataset'!AD6/'Import-dataset'!AD5-1,"") -> 0.076923077 | E88: =IFERROR('Import-dataset'!AD7/'Import-dataset'!AD6-1,"") -> -0.041005291 | F88: =IFERROR('Import-dataset'!AD8/'Import-dataset'!AD7-1,"") -> 0.056551724 | G88: =IFERROR('Import-dataset'!AD9/'Import-dataset'!AD8-1,"") -> 0.084856397 | H88: =IFERROR('Import-dataset'!AD10/'Import-dataset'!AD9-1,"") -> 0.31648616 | I88: =IFERROR('Import-dataset'!AD11/'Import-dataset'!AD10-1,"") -> -0.096892139 | J88: =IFERROR('Import-dataset'!AD12/'Import-dataset'!AD11-1,"") -> 0.27226721 | K88: =IFERROR('Import-dataset'!AD13/'Import-dataset'!AD12-1,"") -> 0.019888624
A89: 5 | B89: Chemicals and related products, nes | C89: =IFERROR('Import-dataset'!AH5/'Import-dataset'!AH4-1,"") -> 0.012597004 | D89: =IFERROR('Import-dataset'!AH6/'Import-dataset'!AH5-1,"") -> 0.063555999 | E89: =IFERROR('Import-dataset'!AH7/'Import-dataset'!AH6-1,"") -> 0.03978282 | F89: =IFERROR('Import-dataset'!AH8/'Import-dataset'!AH7-1,"") -> 0.07307246 | G89: =IFERROR('Import-dataset'!AH9/'Import-dataset'!AH8-1,"") -> 0.11204229 | H89: =IFERROR('Import-dataset'!AH10/'Import-dataset'!AH9-1,"") -> 0.3882121 | I89: =IFERROR('Import-dataset'!AH11/'Import-dataset'!AH10-1,"") -> -0.16659856 | J89: =IFERROR('Import-dataset'!AH12/'Import-dataset'!AH11-1,"") -> 0.051388013 | K89: =IFERROR('Import-dataset'!AH13/'Import-dataset'!AH12-1,"") -> 0.058691597
A90: 6 | B90: Manufactured goods classified chiefly by material | C90: =IFERROR('Import-dataset'!AR5/'Import-dataset'!AR4-1,"") -> 0.016936541 | D90: =IFERROR('Import-dataset'!AR6/'Import-dataset'!AR5-1,"") -> 0.13037873 | E90: =IFERROR('Import-dataset'!AR7/'Import-dataset'!AR6-1,"") -> -0.0048392565 | F90: =IFERROR('Import-dataset'!AR8/'Import-dataset'!AR7-1,"") -> 0.065446323 | G90: =IFERROR('Import-dataset'!AR9/'Import-dataset'!AR8-1,"") -> 0.074944039 | H90: =IFERROR('Import-dataset'!AR10/'Import-dataset'!AR9-1,"") -> 0.1904968 | I90: =IFERROR('Import-dataset'!AR11/'Import-dataset'!AR10-1,"") -> -0.076804253 | J90: =IFERROR('Import-dataset'!AR12/'Import-dataset'!AR11-1,"") -> 0.073105315 | K90: =IFERROR('Import-dataset'!AR13/'Import-dataset'!AR12-1,"") -> 0.051844718
A91: 7 | B91: Machinery and transport equipment | C91: =IFERROR('Import-dataset'!BB5/'Import-dataset'!BB4-1,"") -> 0.14130182 | D91: =IFERROR('Import-dataset'!BB6/'Import-dataset'!BB5-1,"") -> 0.029431966 | E91: =IFERROR('Import-dataset'!BB7/'Import-dataset'!BB6-1,"") -> 0.01550196 | F91: =IFERROR('Import-dataset'!BB8/'Import-dataset'!BB7-1,"") -> -0.028713723 | G91: =IFERROR('Import-dataset'!BB9/'Import-dataset'!BB8-1,"") -> 0.13076846 | H91: =IFERROR('Import-dataset'!BB10/'Import-dataset'!BB9-1,"") -> 0.15874598 | I91: =IFERROR('Import-dataset'!BB11/'Import-dataset'!BB10-1,"") -> 0.10487572 | J91: =IFERROR('Import-dataset'!BB12/'Import-dataset'!BB11-1,"") -> 0.042288945 | K91: =IFERROR('Import-dataset'!BB13/'Import-dataset'!BB12-1,"") -> 0.056838936
A92: 8 | B92: Miscellaneous manufactured articles | C92: =IFERROR('Import-dataset'!BL5/'Import-dataset'!BL4-1,"") -> 0.0051034312 | D92: =IFERROR('Import-dataset'!BL6/'Import-dataset'!BL5-1,"") -> 0.091888295 | E92: =IFERROR('Import-dataset'!BL7/'Import-dataset'!BL6-1,"") -> 0.045350911 | F92: =IFERROR('Import-dataset'!BL8/'Import-dataset'!BL7-1,"") -> -0.005830526 | G92: =IFERROR('Import-dataset'!BL9/'Import-dataset'!BL8-1,"") -> 0.088904818 | H92: =IFERROR('Import-dataset'!BL10/'Import-dataset'!BL9-1,"") -> 0.14651613 | I92: =IFERROR('Import-dataset'!BL11/'Import-dataset'!BL10-1,"") -> -0.030934651 | J92: =IFERROR('Import-dataset'!BL12/'Import-dataset'!BL11-1,"") -> 0.064849725 | K92: =IFERROR('Import-dataset'!BL13/'Import-dataset'!BL12-1,"") -> 0.062687574
A93: 9 | B93: Commodities and transactions not classified elsewhere in the SITC | C93: =IFERROR('Import-dataset'!BU5/'Import-dataset'!BU4-1,"") -> 1.1478619 | D93: =IFERROR('Import-dataset'!BU6/'Import-dataset'!BU5-1,"") -> -0.43263074 | E93: =IFERROR('Import-dataset'!BU7/'Import-dataset'!BU6-1,"") -> -0.073228995 | F93: =IFERROR('Import-dataset'!BU8/'Import-dataset'!BU7-1,"") -> 0.058928095 | G93: =IFERROR('Import-dataset'!BU9/'Import-dataset'!BU8-1,"") -> -0.059006211 | H93: =IFERROR('Import-dataset'!BU10/'Import-dataset'!BU9-1,"") -> 0.096423156 | I93: =IFERROR('Import-dataset'!BU11/'Import-dataset'!BU10-1,"") -> 0.023023104 | J93: =IFERROR('Import-dataset'!BU12/'Import-dataset'!BU11-1,"") -> 0.071172962 | K93: =IFERROR('Import-dataset'!BU13/'Import-dataset'!BU12-1,"") -> 0.90215293
A95: Import: index (2016 = 100)
A96: Code | B96: Category | C96: 2016 | D96: 2017 | E96: 2018 | F96: 2019 | G96: 2020 | H96: 2021 | I96: 2022 | J96: 2023 | K96: 2024 | L96: 2025
A97: 0 | B97: Food and live animals | C97: ='Import-dataset'!B4/'Import-dataset'!B4*100 -> 100 | D97: ='Import-dataset'!B5/'Import-dataset'!B4*100 -> 102.33956 | E97: ='Import-dataset'!B6/'Import-dataset'!B4*100 -> 108.26358 | F97: ='Import-dataset'!B7/'Import-dataset'!B4*100 -> 121.1848 | G97: ='Import-dataset'!B8/'Import-dataset'!B4*100 -> 125.97124 | H97: ='Import-dataset'!B9/'Import-dataset'!B4*100 -> 117.40717 | I97: ='Import-dataset'!B10/'Import-dataset'!B4*100 -> 139.6437 | J97: ='Import-dataset'!B11/'Import-dataset'!B4*100 -> 140.83137 | K97: ='Import-dataset'!B12/'Import-dataset'!B4*100 -> 159.49775 | L97: ='Import-dataset'!B13/'Import-dataset'!B4*100 -> 175.39529
A98: 1 | B98: Beverages and tobacco | C98: ='Import-dataset'!M4/'Import-dataset'!M4*100 -> 100 | D98: ='Import-dataset'!M5/'Import-dataset'!M4*100 -> 100.428 | E98: ='Import-dataset'!M6/'Import-dataset'!M4*100 -> 108.25436 | F98: ='Import-dataset'!M7/'Import-dataset'!M4*100 -> 116.11128 | G98: ='Import-dataset'!M8/'Import-dataset'!M4*100 -> 106.23662 | H98: ='Import-dataset'!M9/'Import-dataset'!M4*100 -> 105.44176 | I98: ='Import-dataset'!M10/'Import-dataset'!M4*100 -> 117.70101 | J98: ='Import-dataset'!M11/'Import-dataset'!M4*100 -> 107.55121 | K98: ='Import-dataset'!M12/'Import-dataset'!M4*100 -> 102.38459 | L98: ='Import-dataset'!M13/'Import-dataset'!M4*100 -> 103.27117
A99: 2 | B99: Crude materials, inedible, except fuels | C99: ='Import-dataset'!P4/'Import-dataset'!P4*100 -> 100 | D99: ='Import-dataset'!P5/'Import-dataset'!P4*100 -> 110.54273 | E99: ='Import-dataset'!P6/'Import-dataset'!P4*100 -> 124.29819 | F99: ='Import-dataset'!P7/'Import-dataset'!P4*100 -> 97.878977 | G99: ='Import-dataset'!P8/'Import-dataset'!P4*100 -> 101.59077 | H99: ='Import-dataset'!P9/'Import-dataset'!P4*100 -> 132.47037 | I99: ='Import-dataset'!P10/'Import-dataset'!P4*100 -> 145.13412 | J99: ='Import-dataset'!P11/'Import-dataset'!P4*100 -> 122.61385 | K99: ='Import-dataset'!P12/'Import-dataset'!P4*100 -> 128.47785 | L99: ='Import-dataset'!P13/'Import-dataset'!P4*100 -> 164.84716
A100: 3 | B100: Mineral fuels, lubricants and related materials | C100: ='Import-dataset'!Z4/'Import-dataset'!Z4*100 -> 100 | D100: ='Import-dataset'!Z5/'Import-dataset'!Z4*100 -> 126.27097 | E100: ='Import-dataset'!Z6/'Import-dataset'!Z4*100 -> 171.63193 | F100: ='Import-dataset'!Z7/'Import-dataset'!Z4*100 -> 164.3535 | G100: ='Import-dataset'!Z8/'Import-dataset'!Z4*100 -> 97.898661 | H100: ='Import-dataset'!Z9/'Import-dataset'!Z4*100 -> 146.38197 | I100: ='Import-dataset'!Z10/'Import-dataset'!Z4*100 -> 278.79173 | J100: ='Import-dataset'!Z11/'Import-dataset'!Z4*100 -> 256.95221 | K100: ='Import-dataset'!Z12/'Import-dataset'!Z4*100 -> 240.42112 | L100: ='Import-dataset'!Z13/'Import-dataset'!Z4*100 -> 225.63125
A101: 4 | B101: Animal and vegetable oils, fats and waxes | C101: ='Import-dataset'!AD4/'Import-dataset'!AD4*100 -> 100 | D101: ='Import-dataset'!AD5/'Import-dataset'!AD4*100 -> 100.28571 | E101: ='Import-dataset'!AD6/'Import-dataset'!AD4*100 -> 108 | F101: ='Import-dataset'!AD7/'Import-dataset'!AD4*100 -> 103.57143 | G101: ='Import-dataset'!AD8/'Import-dataset'!AD4*100 -> 109.42857 | H101: ='Import-dataset'!AD9/'Import-dataset'!AD4*100 -> 118.71429 | I101: ='Import-dataset'!AD10/'Import-dataset'!AD4*100 -> 156.28571 | J101: ='Import-dataset'!AD11/'Import-dataset'!AD4*100 -> 141.14286 | K101: ='Import-dataset'!AD12/'Import-dataset'!AD4*100 -> 179.57143 | L101: ='Import-dataset'!AD13/'Import-dataset'!AD4*100 -> 183.14286
A102: 5 | B102: Chemicals and related products, nes | C102: ='Import-dataset'!AH4/'Import-dataset'!AH4*100 -> 100 | D102: ='Import-dataset'!AH5/'Import-dataset'!AH4*100 -> 101.2597 | E102: ='Import-dataset'!AH6/'Import-dataset'!AH4*100 -> 107.69536 | F102: ='Import-dataset'!AH7/'Import-dataset'!AH4*100 -> 111.97979 | G102: ='Import-dataset'!AH8/'Import-dataset'!AH4*100 -> 120.16243 | H102: ='Import-dataset'!AH9/'Import-dataset'!AH4*100 -> 133.6257 | I102: ='Import-dataset'!AH10/'Import-dataset'!AH4*100 -> 185.50081 | J102: ='Import-dataset'!AH11/'Import-dataset'!AH4*100 -> 154.59664 | K102: ='Import-dataset'!AH12/'Import-dataset'!AH4*100 -> 162.54106 | L102: ='Import-dataset'!AH13/'Import-dataset'!AH4*100 -> 172.08085
A103: 6 | B103: Manufactured goods classified chiefly by material | C103: ='Import-dataset'!AR4/'Import-dataset'!AR4*100 -> 100 | D103: ='Import-dataset'!AR5/'Import-dataset'!AR4*100 -> 101.69365 | E103: ='Import-dataset'!AR6/'Import-dataset'!AR4*100 -> 114.95234 | F103: ='Import-dataset'!AR7/'Import-dataset'!AR4*100 -> 114.39606 | G103: ='Import-dataset'!AR8/'Import-dataset'!AR4*100 -> 121.88286 | H103: ='Import-dataset'!AR9/'Import-dataset'!AR4*100 -> 131.01726 | I103: ='Import-dataset'!AR10/'Import-dataset'!AR4*100 -> 155.97562 | J103: ='Import-dataset'!AR11/'Import-dataset'!AR4*100 -> 143.99603 | K103: ='Import-dataset'!AR12/'Import-dataset'!AR4*100 -> 154.52291 | L103: ='Import-dataset'!AR13/'Import-dataset'!AR4*100 -> 162.5341
A104: 7 | B104: Machinery and transport equipment | C104: ='Import-dataset'!BB4/'Import-dataset'!BB4*100 -> 100 | D104: ='Import-dataset'!BB5/'Import-dataset'!BB4*100 -> 114.13018 | E104: ='Import-dataset'!BB6/'Import-dataset'!BB4*100 -> 117.48926 | F104: ='Import-dataset'!BB7/'Import-dataset'!BB4*100 -> 119.31057 | G104: ='Import-dataset'!BB8/'Import-dataset'!BB4*100 -> 115.88472 | H104: ='Import-dataset'!BB9/'Import-dataset'!BB4*100 -> 131.03879 | I104: ='Import-dataset'!BB10/'Import-dataset'!BB4*100 -> 151.84067 | J104: ='Import-dataset'!BB11/'Import-dataset'!BB4*100 -> 167.76507 | K104: ='Import-dataset'!BB12/'Import-dataset'!BB4*100 -> 174.85968 | L104: ='Import-dataset'!BB13/'Import-dataset'!BB4*100 -> 184.79851
A105: 8 | B105: Miscellaneous manufactured articles | C105: ='Import-dataset'!BL4/'Import-dataset'!BL4*100 -> 100 | D105: ='Import-dataset'!BL5/'Import-dataset'!BL4*100 -> 100.51034 | E105: ='Import-dataset'!BL6/'Import-dataset'!BL4*100 -> 109.74607 | F105: ='Import-dataset'!BL7/'Import-dataset'!BL4*100 -> 114.72315 | G105: ='Import-dataset'!BL8/'Import-dataset'!BL4*100 -> 114.05425 | H105: ='Import-dataset'!BL9/'Import-dataset'!BL4*100 -> 124.19423 | I105: ='Import-dataset'!BL10/'Import-dataset'!BL4*100 -> 142.39068 | J105: ='Import-dataset'!BL11/'Import-dataset'!BL4*100 -> 137.98588 | K105: ='Import-dataset'!BL12/'Import-dataset'!BL4*100 -> 146.93423 | L105: ='Import-dataset'!BL13/'Import-dataset'!BL4*100 -> 156.14518
A106: 9 | B106: Commodities and transactions not classified elsewhere in the SITC | C106: ='Import-dataset'!BU4/'Import-dataset'!BU4*100 -> 100 | D106: ='Import-dataset'!BU5/'Import-dataset'!BU4*100 -> 214.78619 | E106: ='Import-dataset'!BU6/'Import-dataset'!BU4*100 -> 121.86308 | F106: ='Import-dataset'!BU7/'Import-dataset'!BU4*100 -> 112.93917 | G106: ='Import-dataset'!BU8/'Import-dataset'!BU4*100 -> 119.59446 | H106: ='Import-dataset'!BU9/'Import-dataset'!BU4*100 -> 112.53764 | I106: ='Import-dataset'!BU10/'Import-dataset'!BU4*100 -> 123.38888 | J106: ='Import-dataset'!BU11/'Import-dataset'!BU4*100 -> 126.22967 | K106: ='Import-dataset'!BU12/'Import-dataset'!BU4*100 -> 135.21381 | L106: ='Import-dataset'!BU13/'Import-dataset'!BU4*100 -> 257.19735
A108: Import: share of import total
A109: Code | B109: Category | C109: 2016 | D109: 2017 | E109: 2018 | F109: 2019 | G109: 2020 | H109: 2021 | I109: 2022 | J109: 2023 | K109: 2024 | L109: 2025
...

Sheet Main-Stats
A1: Main category statistics, import and export
A2: The outlier z-score measures each year of growth against the mean growth of that category. A value above 2 marks an outlier year.
A4: Export: descriptive and trend statistics ($ Millions)
A5: Code | B5: Category | C5: Mean | D5: Median | E5: Standard deviation | F5: Coefficient of variation | G5: Minimum | H5: Maximum | I5: Range | J5: Trend slope ($ Millions per year) | K5: Trend intercept | L5: Trend R squared
A6: 0 | B6: Food and live animals | C6: =AVERAGE('Export-dataset'!B4:B13) -> 44378.1 | D6: =MEDIAN('Export-dataset'!B4:B13) -> 40594.5 | E6: =STDEVP('Export-dataset'!B4:B13) -> 9835.2095 | F6: =STDEVP('Export-dataset'!B4:B13)/AVERAGE('Export-dataset'!B4:B13) -> 0.22162304 | G6: =MIN('Export-dataset'!B4:B13) -> 32621 | H6: =MAX('Export-dataset'!B4:B13) -> 62043 | I6: =MAX('Export-dataset'!B4:B13)-MIN('Export-dataset'!B4:B13) -> 29422 | J6: =SLOPE('Export-dataset'!B4:B13,Keys!$B$3:$B$12) -> 3201.703 | K6: =INTERCEPT('Export-dataset'!B4:B13,Keys!$B$3:$B$12) -> -6424662.9 | L6: =RSQ('Export-dataset'!B4:B13,Keys!$B$3:$B$12) -> 0.87427651
A7: 1 | B7: Beverages and tobacco | C7: =AVERAGE('Export-dataset'!M4:M13) -> 2984 | D7: =MEDIAN('Export-dataset'!M4:M13) -> 3048.5 | E7: =STDEVP('Export-dataset'!M4:M13) -> 362.46352 | F7: =STDEVP('Export-dataset'!M4:M13)/AVERAGE('Export-dataset'!M4:M13) -> 0.12146901 | G7: =MIN('Export-dataset'!M4:M13) -> 2523 | H7: =MAX('Export-dataset'!M4:M13) -> 3582 | I7: =MAX('Export-dataset'!M4:M13)-MIN('Export-dataset'!M4:M13) -> 1059 | J7: =SLOPE('Export-dataset'!M4:M13,Keys!$B$3:$B$12) -> -20.70303 | K7: =INTERCEPT('Export-dataset'!M4:M13,Keys!$B$3:$B$12) -> 44814.473 | L7: =RSQ('Export-dataset'!M4:M13,Keys!$B$3:$B$12) -> 0.026914926
A8: 2 | B8: Crude materials, inedible, except fuels | C8: =AVERAGE('Export-dataset'!P4:P13) -> 152803.1 | D8: =MEDIAN('Export-dataset'!P4:P13) -> 165778 | E8: =STDEVP('Export-dataset'!P4:P13) -> 41636.549 | F8: =STDEVP('Export-dataset'!P4:P13)/AVERAGE('Export-dataset'!P4:P13) -> 0.27248498 | G8: =MIN('Export-dataset'!P4:P13) -> 83621 | H8: =MAX('Export-dataset'!P4:P13) -> 202961 | I8: =MAX('Export-dataset'!P4:P13)-MIN('Export-dataset'!P4:P13) -> 119340 | J8: =SLOPE('Export-dataset'!P4:P13,Keys!$B$3:$B$12) -> 12826.297 | K8: =INTERCEPT('Export-dataset'!P4:P13,Keys!$B$3:$B$12) -> -25762730 | L8: =RSQ('Export-dataset'!P4:P13,Keys!$B$3:$B$12) -> 0.78290141
A9: 3 | B9: Mineral fuels, lubricants and related materials | C9: =AVERAGE('Export-dataset'!Z4:Z13) -> 138053 | D9: =MEDIAN('Export-dataset'!Z4:Z13) -> 126341.5 | E9: =STDEVP('Export-dataset'!Z4:Z13) -> 52263.294 | F9: =STDEVP('Export-dataset'!Z4:Z13)/AVERAGE('Export-dataset'!Z4:Z13) -> 0.37857413 | G9: =MIN('Export-dataset'!Z4:Z13) -> 67702 | H9: =MAX('Export-dataset'!Z4:Z13) -> 251334 | I9: =MAX('Export-dataset'!Z4:Z13)-MIN('Export-dataset'!Z4:Z13) -> 183632 | J9: =SLOPE('Export-dataset'!Z4:Z13,Keys!$B$3:$B$12) -> 12056.206 | K9: =INTERCEPT('Export-dataset'!Z4:Z13,Keys!$B$3:$B$12) -> -24221511 | L9: =RSQ('Export-dataset'!Z4:Z13,Keys!$B$3:$B$12) -> 0.43901738
A10: 4 | B10: Animal and vegetable oils, fats and waxes | C10: =AVERAGE('Export-dataset'!AD4:AD13) -> 1100.5 | D10: =MEDIAN('Export-dataset'!AD4:AD13) -> 923 | E10: =STDEVP('Export-dataset'!AD4:AD13) -> 453.07797 | F10: =STDEVP('Export-dataset'!AD4:AD13)/AVERAGE('Export-dataset'!AD4:AD13) -> 0.41170193 | G10: =MIN('Export-dataset'!AD4:AD13) -> 647 | H10: =MAX('Export-dataset'!AD4:AD13) -> 1806 | I10: =MAX('Export-dataset'!AD4:AD13)-MIN('Export-dataset'!AD4:AD13) -> 1159 | J10: =SLOPE('Export-dataset'!AD4:AD13,Keys!$B$3:$B$12) -> 141.55758 | K10: =INTERCEPT('Export-dataset'!AD4:AD13,Keys!$B$3:$B$12) -> -284916.58 | L10: =RSQ('Export-dataset'!AD4:AD13,Keys!$B$3:$B$12) -> 0.80533075
A11: 5 | B11: Chemicals and related products, nes | C11: =AVERAGE('Export-dataset'!AH4:AH13) -> 10910.7 | D11: =MEDIAN('Export-dataset'!AH4:AH13) -> 11288 | E11: =STDEVP('Export-dataset'!AH4:AH13) -> 1418.9168 | F11: =STDEVP('Export-dataset'!AH4:AH13)/AVERAGE('Export-dataset'!AH4:AH13) -> 0.13004819 | G11: =MIN('Export-dataset'!AH4:AH13) -> 8367 | H11: =MAX('Export-dataset'!AH4:AH13) -> 12575 | I11: =MAX('Export-dataset'!AH4:AH13)-MIN('Export-dataset'!AH4:AH13) -> 4208 | J11: =SLOPE('Export-dataset'!AH4:AH13,Keys!$B$3:$B$12) -> 394.00606 | K11: =INTERCEPT('Export-dataset'!AH4:AH13,Keys!$B$3:$B$12) -> -785178.55 | L11: =RSQ('Export-dataset'!AH4:AH13,Keys!$B$3:$B$12) -> 0.63613004
A12: 6 | B12: Manufactured goods classified chiefly by material | C12: =AVERAGE('Export-dataset'!AR4:AR13) -> 17618.6 | D12: =MEDIAN('Export-dataset'!AR4:AR13) -> 17299 | E12: =STDEVP('Export-dataset'!AR4:AR13) -> 2763.1232 | F12: =STDEVP('Export-dataset'!AR4:AR13)/AVERAGE('Export-dataset'!AR4:AR13) -> 0.15682989 | G12: =MIN('Export-dataset'!AR4:AR13) -> 13406 | H12: =MAX('Export-dataset'!AR4:AR13) -> 22719 | I12: =MAX('Export-dataset'!AR4:AR13)-MIN('Export-dataset'!AR4:AR13) -> 9313 | J12: =SLOPE('Export-dataset'!AR4:AR13,Keys!$B$3:$B$12) -> 869.06667 | K12: =INTERCEPT('Export-dataset'!AR4:AR13,Keys!$B$3:$B$12) -> -1738330.6 | L12: =RSQ('Export-dataset'!AR4:AR13,Keys!$B$3:$B$12) -> 0.81613057
A13: 7 | B13: Machinery and transport equipment | C13: =AVERAGE('Export-dataset'!BB4:BB13) -> 16958.9 | D13: =MEDIAN('Export-dataset'!BB4:BB13) -> 15951.5 | E13: =STDEVP('Export-dataset'!BB4:BB13) -> 2520.3767 | F13: =STDEVP('Export-dataset'!BB4:BB13)/AVERAGE('Export-dataset'!BB4:BB13) -> 0.14861675 | G13: =MIN('Export-dataset'!BB4:BB13) -> 14638 | H13: =MAX('Export-dataset'!BB4:BB13) -> 22210 | I13: =MAX('Export-dataset'!BB4:BB13)-MIN('Export-dataset'!BB4:BB13) -> 7572 | J13: =SLOPE('Export-dataset'!BB4:BB13,Keys!$B$3:$B$12) -> 710.3697 | K13: =INTERCEPT('Export-dataset'!BB4:BB13,Keys!$B$3:$B$12) -> -1418343.1 | L13: =RSQ('Export-dataset'!BB4:BB13,Keys!$B$3:$B$12) -> 0.65537807
A14: 8 | B14: Miscellaneous manufactured articles | C14: =AVERAGE('Export-dataset'!BL4:BL13) -> 8675.4 | D14: =MEDIAN('Export-dataset'!BL4:BL13) -> 8122 | E14: =STDEVP('Export-dataset'!BL4:BL13) -> 1761.4683 | F14: =STDEVP('Export-dataset'!BL4:BL13)/AVERAGE('Export-dataset'!BL4:BL13) -> 0.20304173 | G14: =MIN('Export-dataset'!BL4:BL13) -> 6558 | H14: =MAX('Export-dataset'!BL4:BL13) -> 11863 | I14: =MAX('Export-dataset'!BL4:BL13)-MIN('Export-dataset'!BL4:BL13) -> 5305 | J14: =SLOPE('Export-dataset'!BL4:BL13,Keys!$B$3:$B$12) -> 581.67273 | K14: =INTERCEPT('Export-dataset'!BL4:BL13,Keys!$B$3:$B$12) -> -1166594.3 | L14: =RSQ('Export-dataset'!BL4:BL13,Keys!$B$3:$B$12) -> 0.8996254
A15: 9 | B15: Commodities and transactions not classified elsewhere in the SITC | C15: =AVERAGE('Export-dataset'!BU4:BU13) -> 37303.7 | D15: =MEDIAN('Export-dataset'!BU4:BU13) -> 35670.5 | E15: =STDEVP('Export-dataset'!BU4:BU13) -> 11599.388 | F15: =STDEVP('Export-dataset'!BU4:BU13)/AVERAGE('Export-dataset'!BU4:BU13) -> 0.3109447 | G15: =MIN('Export-dataset'!BU4:BU13) -> 25523 | H15: =MAX('Export-dataset'!BU4:BU13) -> 66414 | I15: =MAX('Export-dataset'!BU4:BU13)-MIN('Export-dataset'!BU4:BU13) -> 40891 | J15: =SLOPE('Export-dataset'!BU4:BU13,Keys!$B$3:$B$12) -> 3593.0121 | K15: =INTERCEPT('Export-dataset'!BU4:BU13,Keys!$B$3:$B$12) -> -7222377.3 | L15: =RSQ('Export-dataset'!BU4:BU13,Keys!$B$3:$B$12) -> 0.79159159
A17: Export: outlier z-score of year on year growth
A18: Code | B18: Category | C18: 2017 | D18: 2018 | E18: 2019 | F18: 2020 | G18: 2021 | H18: 2022 | I18: 2023 | J18: 2024 | K18: 2025
A19: 0 | B19: Food and live animals | C19: =('Main-Analytics'!C19-AVERAGE('Main-Analytics'!$C$19:$K$19))/STDEVP('Main-Analytics'!$C$19:$K$19) -> 0.4049021 | D19: =('Main-Analytics'!D19-AVERAGE('Main-Analytics'!$C$19:$K$19))/STDEVP('Main-Analytics'!$C$19:$K$19) -> -1.0947112 | E19: =('Main-Analytics'!E19-AVERAGE('Main-Analytics'!$C$19:$K$19))/STDEVP('Main-Analytics'!$C$19:$K$19) -> -0.11153885 | F19: =('Main-Analytics'!F19-AVERAGE('Main-Analytics'!$C$19:$K$19))/STDEVP('Main-Analytics'!$C$19:$K$19) -> -1.2604968 | G19: =('Main-Analytics'!G19-AVERAGE('Main-Analytics'!$C$19:$K$19))/STDEVP('Main-Analytics'!$C$19:$K$19) -> 1.3557363 | H19: =('Main-Analytics'!H19-AVERAGE('Main-Analytics'!$C$19:$K$19))/STDEVP('Main-Analytics'!$C$19:$K$19) -> 1.3367703 | I19: =('Main-Analytics'!I19-AVERAGE('Main-Analytics'!$C$19:$K$19))/STDEVP('Main-Analytics'!$C$19:$K$19) -> -0.46061856 | J19: =('Main-Analytics'!J19-AVERAGE('Main-Analytics'!$C$19:$K$19))/STDEVP('Main-Analytics'!$C$19:$K$19) -> -1.1301929 | K19: =('Main-Analytics'!K19-AVERAGE('Main-Analytics'!$C$19:$K$19))/STDEVP('Main-Analytics'!$C$19:$K$19) -> 0.96014971
A20: 1 | B20: Beverages and tobacco | C20: =('Main-Analytics'!C20-AVERAGE('Main-Analytics'!$C$20:$K$20))/STDEVP('Main-Analytics'!$C$20:$K$20) -> 0.82708567 | D20: =('Main-Analytics'!D20-AVERAGE('Main-Analytics'!$C$20:$K$20))/STDEVP('Main-Analytics'!$C$20:$K$20) -> 0.69466862 | E20: =('Main-Analytics'!E20-AVERAGE('Main-Analytics'!$C$20:$K$20))/STDEVP('Main-Analytics'!$C$20:$K$20) -> 0.28410335 | F20: =('Main-Analytics'!F20-AVERAGE('Main-Analytics'!$C$20:$K$20))/STDEVP('Main-Analytics'!$C$20:$K$20) -> -0.82338931 | G20: =('Main-Analytics'!G20-AVERAGE('Main-Analytics'!$C$20:$K$20))/STDEVP('Main-Analytics'!$C$20:$K$20) -> -1.9604169 | H20: =('Main-Analytics'!H20-AVERAGE('Main-Analytics'!$C$20:$K$20))/STDEVP('Main-Analytics'!$C$20:$K$20) -> -0.033013059 | I20: =('Main-Analytics'!I20-AVERAGE('Main-Analytics'!$C$20:$K$20))/STDEVP('Main-Analytics'!$C$20:$K$20) -> -0.25387439 | J20: =('Main-Analytics'!J20-AVERAGE('Main-Analytics'!$C$20:$K$20))/STDEVP('Main-Analytics'!$C$20:$K$20) -> 1.7200757 | K20: =('Main-Analytics'!K20-AVERAGE('Main-Analytics'!$C$20:$K$20))/STDEVP('Main-Analytics'!$C$20:$K$20) -> -0.45523964
A21: 2 | B21: Crude materials, inedible, except fuels | C21: =('Main-Analytics'!C21-AVERAGE('Main-Analytics'!$C$21:$K$21))/STDEVP('Main-Analytics'!$C$21:$K$21) -> 0.69147619 | D21: =('Main-Analytics'!D21-AVERAGE('Main-Analytics'!$C$21:$K$21))/STDEVP('Main-Analytics'!$C$21:$K$21) -> -0.17282565 | E21: =('Main-Analytics'!E21-AVERAGE('Main-Analytics'!$C$21:$K$21))/STDEVP('Main-Analytics'!$C$21:$K$21) -> 1.3430238 | F21: =('Main-Analytics'!F21-AVERAGE('Main-Analytics'!$C$21:$K$21))/STDEVP('Main-Analytics'!$C$21:$K$21) -> 0.12419156 | G21: =('Main-Analytics'!G21-AVERAGE('Main-Analytics'!$C$21:$K$21))/STDEVP('Main-Analytics'!$C$21:$K$21) -> 1.55125 | H21: =('Main-Analytics'!H21-AVERAGE('Main-Analytics'!$C$21:$K$21))/STDEVP('Main-Analytics'!$C$21:$K$21) -> -1.1062326 | I21: =('Main-Analytics'!I21-AVERAGE('Main-Analytics'!$C$21:$K$21))/STDEVP('Main-Analytics'!$C$21:$K$21) -> -0.14707067 | J21: =('Main-Analytics'!J21-AVERAGE('Main-Analytics'!$C$21:$K$21))/STDEVP('Main-Analytics'!$C$21:$K$21) -> -1.5964383 | K21: =('Main-Analytics'!K21-AVERAGE('Main-Analytics'!$C$21:$K$21))/STDEVP('Main-Analytics'!$C$21:$K$21) -> -0.68737431
A22: 3 | B22: Mineral fuels, lubricants and related materials | C22: =('Main-Analytics'!C22-AVERAGE('Main-Analytics'!$C$22:$K$22))/STDEVP('Main-Analytics'!$C$22:$K$22) -> 0.51169955 | D22: =('Main-Analytics'!D22-AVERAGE('Main-Analytics'!$C$22:$K$22))/STDEVP('Main-Analytics'!$C$22:$K$22) -> 0.49920788 | E22: =('Main-Analytics'!E22-AVERAGE('Main-Analytics'!$C$22:$K$22))/STDEVP('Main-Analytics'!$C$22:$K$22) -> -0.28617178 | F22: =('Main-Analytics'!F22-AVERAGE('Main-Analytics'!$C$22:$K$22))/STDEVP('Main-Analytics'!$C$22:$K$22) -> -1.1250056 | G22: =('Main-Analytics'!G22-AVERAGE('Main-Analytics'!$C$22:$K$22))/STDEVP('Main-Analytics'!$C$22:$K$22) -> 0.70694187 | H22: =('Main-Analytics'!H22-AVERAGE('Main-Analytics'!$C$22:$K$22))/STDEVP('Main-Analytics'!$C$22:$K$22) -> 2.1462371 | I22: =('Main-Analytics'!I22-AVERAGE('Main-Analytics'!$C$22:$K$22))/STDEVP('Main-Analytics'!$C$22:$K$22) -> -0.93480487 | J22: =('Main-Analytics'!J22-AVERAGE('Main-Analytics'!$C$22:$K$22))/STDEVP('Main-Analytics'!$C$22:$K$22) -> -0.69144242 | K22: =('Main-Analytics'!K22-AVERAGE('Main-Analytics'!$C$22:$K$22))/STDEVP('Main-Analytics'!$C$22:$K$22) -> -0.82666178
A23: 4 | B23: Animal and vegetable oils, fats and waxes | C23: =('Main-Analytics'!C23-AVERAGE('Main-Analytics'!$C$23:$K$23))/STDEVP('Main-Analytics'!$C$23:$K$23) -> -0.57473801 | D23: =('Main-Analytics'!D23-AVERAGE('Main-Analytics'!$C$23:$K$23))/STDEVP('Main-Analytics'!$C$23:$K$23) -> -0.71907377 | E23: =('Main-Analytics'!E23-AVERAGE('Main-Analytics'!$C$23:$K$23))/STDEVP('Main-Analytics'!$C$23:$K$23) -> -0.71521113 | F23: =('Main-Analytics'!F23-AVERAGE('Main-Analytics'!$C$23:$K$23))/STDEVP('Main-Analytics'!$C$23:$K$23) -> 0.177019 | G23: =('Main-Analytics'!G23-AVERAGE('Main-Analytics'!$C$23:$K$23))/STDEVP('Main-Analytics'!$C$23:$K$23) -> 1.2884966 | H23: =('Main-Analytics'!H23-AVERAGE('Main-Analytics'!$C$23:$K$23))/STDEVP('Main-Analytics'!$C$23:$K$23) -> 1.8428813 | I23: =('Main-Analytics'!I23-AVERAGE('Main-Analytics'!$C$23:$K$23))/STDEVP('Main-Analytics'!$C$23:$K$23) -> -0.80102667 | J23: =('Main-Analytics'!J23-AVERAGE('Main-Analytics'!$C$23:$K$23))/STDEVP('Main-Analytics'!$C$23:$K$23) -> -1.1945552 | K23: =('Main-Analytics'!K23-AVERAGE('Main-Analytics'!$C$23:$K$23))/STDEVP('Main-Analytics'!$C$23:$K$23) -> 0.69620785
A24: 5 | B24: Chemicals and related products, nes | C24: =('Main-Analytics'!C24-AVERAGE('Main-Analytics'!$C$24:$K$24))/STDEVP('Main-Analytics'!$C$24:$K$24) -> -0.13266044 | D24: =('Main-Analytics'!D24-AVERAGE('Main-Analytics'!$C$24:$K$24))/STDEVP('Main-Analytics'!$C$24:$K$24) -> 1.3628568 | E24: =('Main-Analytics'!E24-AVERAGE('Main-Analytics'!$C$24:$K$24))/STDEVP('Main-Analytics'!$C$24:$K$24) -> 0.73366522 | F24: =('Main-Analytics'!F24-AVERAGE('Main-Analytics'!$C$24:$K$24))/STDEVP('Main-Analytics'!$C$24:$K$24) -> -1.0021765 | G24: =('Main-Analytics'!G24-AVERAGE('Main-Analytics'!$C$24:$K$24))/STDEVP('Main-Analytics'!$C$24:$K$24) -> -1.1683252 | H24: =('Main-Analytics'!H24-AVERAGE('Main-Analytics'!$C$24:$K$24))/STDEVP('Main-Analytics'!$C$24:$K$24) -> 1.6486955 | I24: =('Main-Analytics'!I24-AVERAGE('Main-Analytics'!$C$24:$K$24))/STDEVP('Main-Analytics'!$C$24:$K$24) -> -1.1111129 | J24: =('Main-Analytics'!J24-AVERAGE('Main-Analytics'!$C$24:$K$24))/STDEVP('Main-Analytics'!$C$24:$K$24) -> 0.15847808 | K24: =('Main-Analytics'!K24-AVERAGE('Main-Analytics'!$C$24:$K$24))/STDEVP('Main-Analytics'!$C$24:$K$24) -> -0.48942043
A25: 6 | B25: Manufactured goods classified chiefly by material | C25: =('Main-Analytics'!C25-AVERAGE('Main-Analytics'!$C$25:$K$25))/STDEVP('Main-Analytics'!$C$25:$K$25) -> 0.36402726 | D25: =('Main-Analytics'!D25-AVERAGE('Main-Analytics'!$C$25:$K$25))/STDEVP('Main-Analytics'!$C$25:$K$25) -> 0.93029 | E25: =('Main-Analytics'!E25-AVERAGE('Main-Analytics'!$C$25:$K$25))/STDEVP('Main-Analytics'!$C$25:$K$25) -> -0.34928114 | F25: =('Main-Analytics'!F25-AVERAGE('Main-Analytics'!$C$25:$K$25))/STDEVP('Main-Analytics'!$C$25:$K$25) -> -2.3656551 | G25: =('Main-Analytics'!G25-AVERAGE('Main-Analytics'!$C$25:$K$25))/STDEVP('Main-Analytics'!$C$25:$K$25) -> 0.73218399 | H25: =('Main-Analytics'!H25-AVERAGE('Main-Analytics'!$C$25:$K$25))/STDEVP('Main-Analytics'!$C$25:$K$25) -> 1.0195908 | I25: =('Main-Analytics'!I25-AVERAGE('Main-Analytics'!$C$25:$K$25))/STDEVP('Main-Analytics'!$C$25:$K$25) -> -0.71555798 | J25: =('Main-Analytics'!J25-AVERAGE('Main-Analytics'!$C$25:$K$25))/STDEVP('Main-Analytics'!$C$25:$K$25) -> -0.054941143 | K25: =('Main-Analytics'!K25-AVERAGE('Main-Analytics'!$C$25:$K$25))/STDEVP('Main-Analytics'!$C$25:$K$25) -> 0.4393433
A26: 7 | B26: Machinery and transport equipment | C26: =('Main-Analytics'!C26-AVERAGE('Main-Analytics'!$C$26:$K$26))/STDEVP('Main-Analytics'!$C$26:$K$26) -> -1.111131 | D26: =('Main-Analytics'!D26-AVERAGE('Main-Analytics'!$C$26:$K$26))/STDEVP('Main-Analytics'!$C$26:$K$26) -> 0.041671092 | E26: =('Main-Analytics'!E26-AVERAGE('Main-Analytics'!$C$26:$K$26))/STDEVP('Main-Analytics'!$C$26:$K$26) -> 0.7283433 | F26: =('Main-Analytics'!F26-AVERAGE('Main-Analytics'!$C$26:$K$26))/STDEVP('Main-Analytics'!$C$26:$K$26) -> -2.1462294 | G26: =('Main-Analytics'!G26-AVERAGE('Main-Analytics'!$C$26:$K$26))/STDEVP('Main-Analytics'!$C$26:$K$26) -> -0.49502422 | H26: =('Main-Analytics'!H26-AVERAGE('Main-Analytics'!$C$26:$K$26))/STDEVP('Main-Analytics'!$C$26:$K$26) -> 0.90075198 | I26: =('Main-Analytics'!I26-AVERAGE('Main-Analytics'!$C$26:$K$26))/STDEVP('Main-Analytics'!$C$26:$K$26) -> 0.96015131 | J26: =('Main-Analytics'!J26-AVERAGE('Main-Analytics'!$C$26:$K$26))/STDEVP('Main-Analytics'!$C$26:$K$26) -> 0.66005456 | K26: =('Main-Analytics'!K26-AVERAGE('Main-Analytics'!$C$26:$K$26))/STDEVP('Main-Analytics'!$C$26:$K$26) -> 0.46141233
A27: 8 | B27: Miscellaneous manufactured articles | C27: =('Main-Analytics'!C27-AVERAGE('Main-Analytics'!$C$27:$K$27))/STDEVP('Main-Analytics'!$C$27:$K$27) -> -0.35069734 | D27: =('Main-Analytics'!D27-AVERAGE('Main-Analytics'!$C$27:$K$27))/STDEVP('Main-Analytics'!$C$27:$K$27) -> -0.10865949 | E27: =('Main-Analytics'!E27-AVERAGE('Main-Analytics'!$C$27:$K$27))/STDEVP('Main-Analytics'!$C$27:$K$27) -> 0.77999464 | F27: =('Main-Analytics'!F27-AVERAGE('Main-Analytics'!$C$27:$K$27))/STDEVP('Main-Analytics'!$C$27:$K$27) -> -2.411217 | G27: =('Main-Analytics'!G27-AVERAGE('Main-Analytics'!$C$27:$K$27))/STDEVP('Main-Analytics'!$C$27:$K$27) -> 0.26463912 | H27: =('Main-Analytics'!H27-AVERAGE('Main-Analytics'!$C$27:$K$27))/STDEVP('Main-Analytics'!$C$27:$K$27) -> 0.82636483 | I27: =('Main-Analytics'!I27-AVERAGE('Main-Analytics'!$C$27:$K$27))/STDEVP('Main-Analytics'!$C$27:$K$27) -> 1.2343903 | J27: =('Main-Analytics'!J27-AVERAGE('Main-Analytics'!$C$27:$K$27))/STDEVP('Main-Analytics'!$C$27:$K$27) -> -0.38069862 | K27: =('Main-Analytics'!K27-AVERAGE('Main-Analytics'!$C$27:$K$27))/STDEVP('Main-Analytics'!$C$27:$K$27) -> 0.1458835
A28: 9 | B28: Commodities and transactions not classified elsewhere in the SITC | C28: =('Main-Analytics'!C28-AVERAGE('Main-Analytics'!$C$28:$K$28))/STDEVP('Main-Analytics'!$C$28:$K$28) -> -1.2730669 | D28: =('Main-Analytics'!D28-AVERAGE('Main-Analytics'!$C$28:$K$28))/STDEVP('Main-Analytics'!$C$28:$K$28) -> -0.65650631 | E28: =('Main-Analytics'!E28-AVERAGE('Main-Analytics'!$C$28:$K$28))/STDEVP('Main-Analytics'!$C$28:$K$28) -> 0.48368313 | F28: =('Main-Analytics'!F28-AVERAGE('Main-Analytics'!$C$28:$K$28))/STDEVP('Main-Analytics'!$C$28:$K$28) -> 0.075830574 | G28: =('Main-Analytics'!G28-AVERAGE('Main-Analytics'!$C$28:$K$28))/STDEVP('Main-Analytics'!$C$28:$K$28) -> -0.26633035 | H28: =('Main-Analytics'!H28-AVERAGE('Main-Analytics'!$C$28:$K$28))/STDEVP('Main-Analytics'!$C$28:$K$28) -> -0.34001051 | I28: =('Main-Analytics'!I28-AVERAGE('Main-Analytics'!$C$28:$K$28))/STDEVP('Main-Analytics'!$C$28:$K$28) -> -0.4249877 | J28: =('Main-Analytics'!J28-AVERAGE('Main-Analytics'!$C$28:$K$28))/STDEVP('Main-Analytics'!$C$28:$K$28) -> -0.11424217 | K28: =('Main-Analytics'!K28-AVERAGE('Main-Analytics'!$C$28:$K$28))/STDEVP('Main-Analytics'!$C$28:$K$28) -> 2.5156303
A30: Import: descriptive and trend statistics ($ Millions)
A31: Code | B31: Category | C31: Mean | D31: Median | E31: Standard deviation | F31: Coefficient of variation | G31: Minimum | H31: Maximum | I31: Range | J31: Trend slope ($ Millions per year) | K31: Trend intercept | L31: Trend R squared
A32: 0 | B32: Food and live animals | C32: =AVERAGE('Import-dataset'!B4:B13) -> 18037.8 | D32: =MEDIAN('Import-dataset'!B4:B13) -> 17272.5 | E32: =STDEVP('Import-dataset'!B4:B13) -> 3284.5354 | F32: =STDEVP('Import-dataset'!B4:B13)/AVERAGE('Import-dataset'!B4:B13) -> 0.1820918 | G32: =MIN('Import-dataset'!B4:B13) -> 13977 | H32: =MAX('Import-dataset'!B4:B13) -> 24515 | I32: =MAX('Import-dataset'!B4:B13)-MIN('Import-dataset'!B4:B13) -> 10538 | J32: =SLOPE('Import-dataset'!B4:B13,Keys!$B$3:$B$12) -> 1091.3212 | K32: =INTERCEPT('Import-dataset'!B4:B13,Keys!$B$3:$B$12) -> -2186976.7 | L32: =RSQ('Import-dataset'!B4:B13,Keys!$B$3:$B$12) -> 0.91077531
A33: 1 | B33: Beverages and tobacco | C33: =AVERAGE('Import-dataset'!M4:M13) -> 3491.4 | D33: =MEDIAN('Import-dataset'!M4:M13) -> 3462 | E33: =STDEVP('Import-dataset'!M4:M13) -> 187.65564 | F33: =STDEVP('Import-dataset'!M4:M13)/AVERAGE('Import-dataset'!M4:M13) -> 0.053747964 | G33: =MIN('Import-dataset'!M4:M13) -> 3271 | H33: =MAX('Import-dataset'!M4:M13) -> 3850 | I33: =MAX('Import-dataset'!M4:M13)-MIN('Import-dataset'!M4:M13) -> 579 | J33: =SLOPE('Import-dataset'!M4:M13,Keys!$B$3:$B$12) -> 8.6424242 | K33: =INTERCEPT('Import-dataset'!M4:M13,Keys!$B$3:$B$12) -> -13970.618 | L33: =RSQ('Import-dataset'!M4:M13,Keys!$B$3:$B$12) -> 0.017498542
A34: 2 | B34: Crude materials, inedible, except fuels | C34: =AVERAGE('Import-dataset'!P4:P13) -> 3936.5 | D34: =MEDIAN('Import-dataset'!P4:P13) -> 3958 | E34: =STDEVP('Import-dataset'!P4:P13) -> 651.99176 | F34: =STDEVP('Import-dataset'!P4:P13)/AVERAGE('Import-dataset'!P4:P13) -> 0.16562727 | G34: =MIN('Import-dataset'!P4:P13) -> 3138 | H34: =MAX('Import-dataset'!P4:P13) -> 5285 | I34: =MAX('Import-dataset'!P4:P13)-MIN('Import-dataset'!P4:P13) -> 2147 | J34: =SLOPE('Import-dataset'!P4:P13,Keys!$B$3:$B$12) -> 169.70303 | K34: =INTERCEPT('Import-dataset'!P4:P13,Keys!$B$3:$B$12) -> -338948.47 | L34: =RSQ('Import-dataset'!P4:P13,Keys!$B$3:$B$12) -> 0.55891908
A35: 3 | B35: Mineral fuels, lubricants and related materials | C35: =AVERAGE('Import-dataset'!Z4:Z13) -> 42683.9 | D35: =MEDIAN('Import-dataset'!Z4:Z13) -> 39653 | E35: =STDEVP('Import-dataset'!Z4:Z13) -> 14717.974 | F35: =STDEVP('Import-dataset'!Z4:Z13)/AVERAGE('Import-dataset'!Z4:Z13) -> 0.34481324 | G35: =MIN('Import-dataset'!Z4:Z13) -> 23108 | H35: =MAX('Import-dataset'!Z4:Z13) -> 65806 | I35: =MAX('Import-dataset'!Z4:Z13)-MIN('Import-dataset'!Z4:Z13) -> 42698 | J35: =SLOPE('Import-dataset'!Z4:Z13,Keys!$B$3:$B$12) -> 3931.3273 | K35: =INTERCEPT('Import-dataset'!Z4:Z13,Keys!$B$3:$B$12) -> -7900562.9 | L35: =RSQ('Import-dataset'!Z4:Z13,Keys!$B$3:$B$12) -> 0.58862172
A36: 4 | B36: Animal and vegetable oils, fats and waxes | C36: =AVERAGE('Import-dataset'!AD4:AD13) -> 910.1 | D36: =MEDIAN('Import-dataset'!AD4:AD13) -> 798.5 | E36: =STDEVP('Import-dataset'!AD4:AD13) -> 217.02878 | F36: =STDEVP('Import-dataset'!AD4:AD13)/AVERAGE('Import-dataset'!AD4:AD13) -> 0.23846696 | G36: =MIN('Import-dataset'!AD4:AD13) -> 700 | H36: =MAX('Import-dataset'!AD4:AD13) -> 1282 | I36: =MAX('Import-dataset'!AD4:AD13)-MIN('Import-dataset'!AD4:AD13) -> 582 | J36: =SLOPE('Import-dataset'!AD4:AD13,Keys!$B$3:$B$12) -> 69.424242 | K36: =INTERCEPT('Import-dataset'!AD4:AD13,Keys!$B$3:$B$12) -> -139361.58 | L36: =RSQ('Import-dataset'!AD4:AD13,Keys!$B$3:$B$12) -> 0.84419272
A37: 5 | B37: Chemicals and related products, nes | C37: =AVERAGE('Import-dataset'!AH4:AH13) -> 37386.3 | D37: =MEDIAN('Import-dataset'!AH4:AH13) -> 35156 | E37: =STDEVP('Import-dataset'!AH4:AH13) -> 8278.536 | F37: =STDEVP('Import-dataset'!AH4:AH13)/AVERAGE('Import-dataset'!AH4:AH13) -> 0.22143234 | G37: =MIN('Import-dataset'!AH4:AH13) -> 27705 | H37: =MAX('Import-dataset'!AH4:AH13) -> 51393 | I37: =MAX('Import-dataset'!AH4:AH13)-MIN('Import-dataset'!AH4:AH13) -> 23688 | J37: =SLOPE('Import-dataset'!AH4:AH13,Keys!$B$3:$B$12) -> 2596.2606 | K37: =INTERCEPT('Import-dataset'!AH4:AH13,Keys!$B$3:$B$12) -> -5208358.3 | L37: =RSQ('Import-dataset'!AH4:AH13,Keys!$B$3:$B$12) -> 0.81141574
A38: 6 | B38: Manufactured goods classified chiefly by material | C38: =AVERAGE('Import-dataset'!AR4:AR13) -> 36717.3 | D38: =MEDIAN('Import-dataset'!AR4:AR13) -> 35688 | E38: =STDEVP('Import-dataset'!AR4:AR13) -> 6162.9981 | F38: =STDEVP('Import-dataset'!AR4:AR13)/AVERAGE('Import-dataset'!AR4:AR13) -> 0.16784998 | G38: =MIN('Import-dataset'!AR4:AR13) -> 28223 | H38: =MAX('Import-dataset'!AR4:AR13) -> 45872 | I38: =MAX('Import-dataset'!AR4:AR13)-MIN('Import-dataset'!AR4:AR13) -> 17649 | J38: =SLOPE('Import-dataset'!AR4:AR13,Keys!$B$3:$B$12) -> 2072.6 | K38: =INTERCEPT('Import-dataset'!AR4:AR13,Keys!$B$3:$B$12) -> -4150971 | L38: =RSQ('Import-dataset'!AR4:AR13,Keys!$B$3:$B$12) -> 0.9330413
A39: 7 | B39: Machinery and transport equipment | C39: =AVERAGE('Import-dataset'!BB4:BB13) -> 142300.3 | D39: =MEDIAN('Import-dataset'!BB4:BB13) -> 129345.5 | E39: =STDEVP('Import-dataset'!BB4:BB13) -> 29129.228 | F39: =STDEVP('Import-dataset'!BB4:BB13)/AVERAGE('Import-dataset'!BB4:BB13) -> 0.2047025 | G39: =MIN('Import-dataset'!BB4:BB13) -> 103332 | H39: =MAX('Import-dataset'!BB4:BB13) -> 190956 | I39: =MAX('Import-dataset'!BB4:BB13)-MIN('Import-dataset'!BB4:BB13) -> 87624 | J39: =SLOPE('Import-dataset'!BB4:BB13,Keys!$B$3:$B$12) -> 9722.0788 | K39: =INTERCEPT('Import-dataset'!BB4:BB13,Keys!$B$3:$B$12) -> -19501160 | L39: =RSQ('Import-dataset'!BB4:BB13,Keys!$B$3:$B$12) -> 0.9189974
A40: 8 | B40: Miscellaneous manufactured articles | C40: =AVERAGE('Import-dataset'!BL4:BL13) -> 50322.4 | D40: =MEDIAN('Import-dataset'!BL4:BL13) -> 48219.5 | E40: =STDEVP('Import-dataset'!BL4:BL13) -> 7663.6113 | F40: =STDEVP('Import-dataset'!BL4:BL13)/AVERAGE('Import-dataset'!BL4:BL13) -> 0.15229026 | G40: =MIN('Import-dataset'!BL4:BL13) -> 40365 | H40: =MAX('Import-dataset'!BL4:BL13) -> 63028 | I40: =MAX('Import-dataset'!BL4:BL13)-MIN('Import-dataset'!BL4:BL13) -> 22663 | J40: =SLOPE('Import-dataset'!BL4:BL13,Keys!$B$3:$B$12) -> 2604.4364 | K40: =INTERCEPT('Import-dataset'!BL4:BL13,Keys!$B$3:$B$12) -> -5211941.3 | L40: =RSQ('Import-dataset'!BL4:BL13,Keys!$B$3:$B$12) -> 0.952828
A41: 9 | B41: Commodities and transactions not classified elsewhere in the SITC | C41: =AVERAGE('Import-dataset'!BU4:BU13) -> 14183.4 | D41: =MEDIAN('Import-dataset'!BU4:BU13) -> 12216 | E41: =STDEVP('Import-dataset'!BU4:BU13) -> 4838.7074 | F41: =STDEVP('Import-dataset'!BU4:BU13)/AVERAGE('Import-dataset'!BU4:BU13) -> 0.34115285 | G41: =MIN('Import-dataset'!BU4:BU13) -> 9962 | H41: =MAX('Import-dataset'!BU4:BU13) -> 25622 | I41: =MAX('Import-dataset'!BU4:BU13)-MIN('Import-dataset'!BU4:BU13) -> 15660 | J41: =SLOPE('Import-dataset'!BU4:BU13,Keys!$B$3:$B$12) -> 545.73333 | K41: =INTERCEPT('Import-dataset'!BU4:BU13,Keys!$B$3:$B$12) -> -1088470.8 | L41: =RSQ('Import-dataset'!BU4:BU13,Keys!$B$3:$B$12) -> 0.10494366
A43: Import: outlier z-score of year on year growth
A44: Code | B44: Category | C44: 2017 | D44: 2018 | E44: 2019 | F44: 2020 | G44: 2021 | H44: 2022 | I44: 2023 | J44: 2024 | K44: 2025
A45: 0 | B45: Food and live animals | C45: =('Main-Analytics'!C84-AVERAGE('Main-Analytics'!$C$84:$K$84))/STDEVP('Main-Analytics'!$C$84:$K$84) -> -0.59928485 | D45: =('Main-Analytics'!D84-AVERAGE('Main-Analytics'!$C$84:$K$84))/STDEVP('Main-Analytics'!$C$84:$K$84) -> -0.12436837 | E45: =('Main-Analytics'!E84-AVERAGE('Main-Analytics'!$C$84:$K$84))/STDEVP('Main-Analytics'!$C$84:$K$84) -> 0.72196107 | F45: =('Main-Analytics'!F84-AVERAGE('Main-Analytics'!$C$84:$K$84))/STDEVP('Main-Analytics'!$C$84:$K$84) -> -0.37757558 | G45: =('Main-Analytics'!G84-AVERAGE('Main-Analytics'!$C$84:$K$84))/STDEVP('Main-Analytics'!$C$84:$K$84) -> -1.8575455 | H45: =('Main-Analytics'!H84-AVERAGE('Main-Analytics'!$C$84:$K$84))/STDEVP('Main-Analytics'!$C$84:$K$84) -> 1.686477 | I45: =('Main-Analytics'!I84-AVERAGE('Main-Analytics'!$C$84:$K$84))/STDEVP('Main-Analytics'!$C$84:$K$84) -> -0.80432192 | J45: =('Main-Analytics'!J84-AVERAGE('Main-Analytics'!$C$84:$K$84))/STDEVP('Main-Analytics'!$C$84:$K$84) -> 0.90364314 | K45: =('Main-Analytics'!K84-AVERAGE('Main-Analytics'!$C$84:$K$84))/STDEVP('Main-Analytics'!$C$84:$K$84) -> 0.45101505
A46: 1 | B46: Beverages and tobacco | C46: =('Main-Analytics'!C85-AVERAGE('Main-Analytics'!$C$85:$K$85))/STDEVP('Main-Analytics'!$C$85:$K$85) -> -0.023503057 | D46: =('Main-Analytics'!D85-AVERAGE('Main-Analytics'!$C$85:$K$85))/STDEVP('Main-Analytics'!$C$85:$K$85) -> 1.0588414 | E46: =('Main-Analytics'!E85-AVERAGE('Main-Analytics'!$C$85:$K$85))/STDEVP('Main-Analytics'!$C$85:$K$85) -> 0.98019514 | F46: =('Main-Analytics'!F85-AVERAGE('Main-Analytics'!$C$85:$K$85))/STDEVP('Main-Analytics'!$C$85:$K$85) -> -1.3362019 | G46: =('Main-Analytics'!G85-AVERAGE('Main-Analytics'!$C$85:$K$85))/STDEVP('Main-Analytics'!$C$85:$K$85) -> -0.19635574 | H46: =('Main-Analytics'!H85-AVERAGE('Main-Analytics'!$C$85:$K$85))/STDEVP('Main-Analytics'!$C$85:$K$85) -> 1.6222135 | I46: =('Main-Analytics'!I85-AVERAGE('Main-Analytics'!$C$85:$K$85))/STDEVP('Main-Analytics'!$C$85:$K$85) -> -1.3536752 | J46: =('Main-Analytics'!J85-AVERAGE('Main-Analytics'!$C$85:$K$85))/STDEVP('Main-Analytics'!$C$85:$K$85) -> -0.79236782 | K46: =('Main-Analytics'!K85-AVERAGE('Main-Analytics'!$C$85:$K$85))/STDEVP('Main-Analytics'!$C$85:$K$85) -> 0.040853713
A47: 2 | B47: Crude materials, inedible, except fuels | C47: =('Main-Analytics'!C86-AVERAGE('Main-Analytics'!$C$86:$K$86))/STDEVP('Main-Analytics'!$C$86:$K$86) -> 0.21792145 | D47: =('Main-Analytics'!D86-AVERAGE('Main-Analytics'!$C$86:$K$86))/STDEVP('Main-Analytics'!$C$86:$K$86) -> 0.33504089 | E47: =('Main-Analytics'!E86-AVERAGE('Main-Analytics'!$C$86:$K$86))/STDEVP('Main-Analytics'!$C$86:$K$86) -> -1.74127 | F47: =('Main-Analytics'!F86-AVERAGE('Main-Analytics'!$C$86:$K$86))/STDEVP('Main-Analytics'!$C$86:$K$86) -> -0.19800949 | G47: =('Main-Analytics'!G86-AVERAGE('Main-Analytics'!$C$86:$K$86))/STDEVP('Main-Analytics'!$C$86:$K$86) -> 1.4411801 | H47: =('Main-Analytics'!H86-AVERAGE('Main-Analytics'!$C$86:$K$86))/STDEVP('Main-Analytics'!$C$86:$K$86) -> 0.15735148 | I47: =('Main-Analytics'!I86-AVERAGE('Main-Analytics'!$C$86:$K$86))/STDEVP('Main-Analytics'!$C$86:$K$86) -> -1.3877348 | J47: =('Main-Analytics'!J86-AVERAGE('Main-Analytics'!$C$86:$K$86))/STDEVP('Main-Analytics'!$C$86:$K$86) -> -0.13699401 | K47: =('Main-Analytics'!K86-AVERAGE('Main-Analytics'!$C$86:$K$86))/STDEVP('Main-Analytics'!$C$86:$K$86) -> 1.3125144
A48: 3 | B48: Mineral fuels, lubricants and related materials | C48: =('Main-Analytics'!C87-AVERAGE('Main-Analytics'!$C$87:$K$87))/STDEVP('Main-Analytics'!$C$87:$K$87) -> 0.29837508 | D48: =('Main-Analytics'!D87-AVERAGE('Main-Analytics'!$C$87:$K$87))/STDEVP('Main-Analytics'!$C$87:$K$87) -> 0.5592542 | E48: =('Main-Analytics'!E87-AVERAGE('Main-Analytics'!$C$87:$K$87))/STDEVP('Main-Analytics'!$C$87:$K$87) -> -0.52626484 | F48: =('Main-Analytics'!F87-AVERAGE('Main-Analytics'!$C$87:$K$87))/STDEVP('Main-Analytics'!$C$87:$K$87) -> -1.5044636 | G48: =('Main-Analytics'!G87-AVERAGE('Main-Analytics'!$C$87:$K$87))/STDEVP('Main-Analytics'!$C$87:$K$87) -> 0.92683436 | H48: =('Main-Analytics'!H87-AVERAGE('Main-Analytics'!$C$87:$K$87))/STDEVP('Main-Analytics'!$C$87:$K$87) -> 2.0330769 | I48: =('Main-Analytics'!I87-AVERAGE('Main-Analytics'!$C$87:$K$87))/STDEVP('Main-Analytics'!$C$87:$K$87) -> -0.62337056 | J48: =('Main-Analytics'!J87-AVERAGE('Main-Analytics'!$C$87:$K$87))/STDEVP('Main-Analytics'!$C$87:$K$87) -> -0.58552997 | K48: =('Main-Analytics'!K87-AVERAGE('Main-Analytics'!$C$87:$K$87))/STDEVP('Main-Analytics'!$C$87:$K$87) -> -0.57791161
A49: 4 | B49: Animal and vegetable oils, fats and waxes | C49: =('Main-Analytics'!C88-AVERAGE('Main-Analytics'!$C$88:$K$88))/STDEVP('Main-Analytics'!$C$88:$K$88) -> -0.57553229 | D49: =('Main-Analytics'!D88-AVERAGE('Main-Analytics'!$C$88:$K$88))/STDEVP('Main-Analytics'!$C$88:$K$88) -> 0.00032377325 | E49: =('Main-Analytics'!E88-AVERAGE('Main-Analytics'!$C$88:$K$88))/STDEVP('Main-Analytics'!$C$88:$K$88) -> -0.91655882 | F49: =('Main-Analytics'!F88-AVERAGE('Main-Analytics'!$C$88:$K$88))/STDEVP('Main-Analytics'!$C$88:$K$88) -> -0.15806169 | G49: =('Main-Analytics'!G88-AVERAGE('Main-Analytics'!$C$88:$K$88))/STDEVP('Main-Analytics'!$C$88:$K$88) -> 0.062004632 | H49: =('Main-Analytics'!H88-AVERAGE('Main-Analytics'!$C$88:$K$88))/STDEVP('Main-Analytics'!$C$88:$K$88) -> 1.8629055 | I49: =('Main-Analytics'!I88-AVERAGE('Main-Analytics'!$C$88:$K$88))/STDEVP('Main-Analytics'!$C$88:$K$88) -> -1.3510741 | J49: =('Main-Analytics'!J88-AVERAGE('Main-Analytics'!$C$88:$K$88))/STDEVP('Main-Analytics'!$C$88:$K$88) -> 1.519107 | K49: =('Main-Analytics'!K88-AVERAGE('Main-Analytics'!$C$88:$K$88))/STDEVP('Main-Analytics'!$C$88:$K$88) -> -0.44311404
A50: 5 | B50: Chemicals and related products, nes | C50: =('Main-Analytics'!C89-AVERAGE('Main-Analytics'!$C$89:$K$89))/STDEVP('Main-Analytics'!$C$89:$K$89) -> -0.42784009 | D50: =('Main-Analytics'!D89-AVERAGE('Main-Analytics'!$C$89:$K$89))/STDEVP('Main-Analytics'!$C$89:$K$89) -> -0.050035343 | E50: =('Main-Analytics'!E89-AVERAGE('Main-Analytics'!$C$89:$K$89))/STDEVP('Main-Analytics'!$C$89:$K$89) -> -0.22628725 | F50: =('Main-Analytics'!F89-AVERAGE('Main-Analytics'!$C$89:$K$89))/STDEVP('Main-Analytics'!$C$89:$K$89) -> 0.020518719 | G50: =('Main-Analytics'!G89-AVERAGE('Main-Analytics'!$C$89:$K$89))/STDEVP('Main-Analytics'!$C$89:$K$89) -> 0.30943706 | H50: =('Main-Analytics'!H89-AVERAGE('Main-Analytics'!$C$89:$K$89))/STDEVP('Main-Analytics'!$C$89:$K$89) -> 2.3569316 | I50: =('Main-Analytics'!I89-AVERAGE('Main-Analytics'!$C$89:$K$89))/STDEVP('Main-Analytics'!$C$89:$K$89) -> -1.7563776 | J50: =('Main-Analytics'!J89-AVERAGE('Main-Analytics'!$C$89:$K$89))/STDEVP('Main-Analytics'!$C$89:$K$89) -> -0.14024754 | K50: =('Main-Analytics'!K89-AVERAGE('Main-Analytics'!$C$89:$K$89))/STDEVP('Main-Analytics'!$C$89:$K$89) -> -0.086099519
A51: 6 | B51: Manufactured goods classified chiefly by material | C51: =('Main-Analytics'!C90-AVERAGE('Main-Analytics'!$C$90:$K$90))/STDEVP('Main-Analytics'!$C$90:$K$90) -> -0.56621732 | D51: =('Main-Analytics'!D90-AVERAGE('Main-Analytics'!$C$90:$K$90))/STDEVP('Main-Analytics'!$C$90:$K$90) -> 1.0000997 | E51: =('Main-Analytics'!E90-AVERAGE('Main-Analytics'!$C$90:$K$90))/STDEVP('Main-Analytics'!$C$90:$K$90) -> -0.86687972 | F51: =('Main-Analytics'!F90-AVERAGE('Main-Analytics'!$C$90:$K$90))/STDEVP('Main-Analytics'!$C$90:$K$90) -> 0.10356607 | G51: =('Main-Analytics'!G90-AVERAGE('Main-Analytics'!$C$90:$K$90))/STDEVP('Main-Analytics'!$C$90:$K$90) -> 0.23470276 | H51: =('Main-Analytics'!H90-AVERAGE('Main-Analytics'!$C$90:$K$90))/STDEVP('Main-Analytics'!$C$90:$K$90) -> 1.8301607 | I51: =('Main-Analytics'!I90-AVERAGE('Main-Analytics'!$C$90:$K$90))/STDEVP('Main-Analytics'!$C$90:$K$90) -> -1.8605135 | J51: =('Main-Analytics'!J90-AVERAGE('Main-Analytics'!$C$90:$K$90))/STDEVP('Main-Analytics'!$C$90:$K$90) -> 0.20931516 | K51: =('Main-Analytics'!K90-AVERAGE('Main-Analytics'!$C$90:$K$90))/STDEVP('Main-Analytics'!$C$90:$K$90) -> -0.084233771
A52: 7 | B52: Machinery and transport equipment | C52: =('Main-Analytics'!C91-AVERAGE('Main-Analytics'!$C$91:$K$91))/STDEVP('Main-Analytics'!$C$91:$K$91) -> 1.1368205 | D52: =('Main-Analytics'!D91-AVERAGE('Main-Analytics'!$C$91:$K$91))/STDEVP('Main-Analytics'!$C$91:$K$91) -> -0.70727027 | E52: =('Main-Analytics'!E91-AVERAGE('Main-Analytics'!$C$91:$K$91))/STDEVP('Main-Analytics'!$C$91:$K$91) -> -0.93689597 | F52: =('Main-Analytics'!F91-AVERAGE('Main-Analytics'!$C$91:$K$91))/STDEVP('Main-Analytics'!$C$91:$K$91) -> -1.6657584 | G52: =('Main-Analytics'!G91-AVERAGE('Main-Analytics'!$C$91:$K$91))/STDEVP('Main-Analytics'!$C$91:$K$91) -> 0.96318587 | H52: =('Main-Analytics'!H91-AVERAGE('Main-Analytics'!$C$91:$K$91))/STDEVP('Main-Analytics'!$C$91:$K$91) -> 1.4243744 | I52: =('Main-Analytics'!I91-AVERAGE('Main-Analytics'!$C$91:$K$91))/STDEVP('Main-Analytics'!$C$91:$K$91) -> 0.53636341 | J52: =('Main-Analytics'!J91-AVERAGE('Main-Analytics'!$C$91:$K$91))/STDEVP('Main-Analytics'!$C$91:$K$91) -> -0.49533261 | K52: =('Main-Analytics'!K91-AVERAGE('Main-Analytics'!$C$91:$K$91))/STDEVP('Main-Analytics'!$C$91:$K$91) -> -0.25548691
A53: 8 | B53: Miscellaneous manufactured articles | C53: =('Main-Analytics'!C92-AVERAGE('Main-Analytics'!$C$92:$K$92))/STDEVP('Main-Analytics'!$C$92:$K$92) -> -0.89756569 | D53: =('Main-Analytics'!D92-AVERAGE('Main-Analytics'!$C$92:$K$92))/STDEVP('Main-Analytics'!$C$92:$K$92) -> 0.76132698 | E53: =('Main-Analytics'!E92-AVERAGE('Main-Analytics'!$C$92:$K$92))/STDEVP('Main-Analytics'!$C$92:$K$92) -> -0.12823512 | F53: =('Main-Analytics'!F92-AVERAGE('Main-Analytics'!$C$92:$K$92))/STDEVP('Main-Analytics'!$C$92:$K$92) -> -1.1065683 | G53: =('Main-Analytics'!G92-AVERAGE('Main-Analytics'!$C$92:$K$92))/STDEVP('Main-Analytics'!$C$92:$K$92) -> 0.70429782 | H53: =('Main-Analytics'!H92-AVERAGE('Main-Analytics'!$C$92:$K$92))/STDEVP('Main-Analytics'!$C$92:$K$92) -> 1.805538 | I53: =('Main-Analytics'!I92-AVERAGE('Main-Analytics'!$C$92:$K$92))/STDEVP('Main-Analytics'!$C$92:$K$92) -> -1.5864336 | J53: =('Main-Analytics'!J92-AVERAGE('Main-Analytics'!$C$92:$K$92))/STDEVP('Main-Analytics'!$C$92:$K$92) -> 0.24448472 | K53: =('Main-Analytics'!K92-AVERAGE('Main-Analytics'!$C$92:$K$92))/STDEVP('Main-Analytics'!$C$92:$K$92) -> 0.2031552
A54: 9 | B54: Commodities and transactions not classified elsewhere in the SITC | C54: =('Main-Analytics'!C93-AVERAGE('Main-Analytics'!$C$93:$K$93))/STDEVP('Main-Analytics'!$C$93:$K$93) -> 2.0203141 | D54: =('Main-Analytics'!D93-AVERAGE('Main-Analytics'!$C$93:$K$93))/STDEVP('Main-Analytics'!$C$93:$K$93) -> -1.3228246 | E54: =('Main-Analytics'!E93-AVERAGE('Main-Analytics'!$C$93:$K$93))/STDEVP('Main-Analytics'!$C$93:$K$93) -> -0.5625997 | F54: =('Main-Analytics'!F93-AVERAGE('Main-Analytics'!$C$93:$K$93))/STDEVP('Main-Analytics'!$C$93:$K$93) -> -0.28305428 | G54: =('Main-Analytics'!G93-AVERAGE('Main-Analytics'!$C$93:$K$93))/STDEVP('Main-Analytics'!$C$93:$K$93) -> -0.53251494 | H54: =('Main-Analytics'!H93-AVERAGE('Main-Analytics'!$C$93:$K$93))/STDEVP('Main-Analytics'!$C$93:$K$93) -> -0.20374281 | I54: =('Main-Analytics'!I93-AVERAGE('Main-Analytics'!$C$93:$K$93))/STDEVP('Main-Analytics'!$C$93:$K$93) -> -0.35900234 | J54: =('Main-Analytics'!J93-AVERAGE('Main-Analytics'!$C$93:$K$93))/STDEVP('Main-Analytics'!$C$93:$K$93) -> -0.25715331 | K54: =('Main-Analytics'!K93-AVERAGE('Main-Analytics'!$C$93:$K$93))/STDEVP('Main-Analytics'!$C$93:$K$93) -> 1.500578

Sheet Balance
A1: Trade balance and cover ratio by main category
A2: Balance is export minus import. Cover ratio is export divided by import. A ratio below 1 means Australia buys more than it sells.
A4: Trade balance, export minus import ($ Millions)
A5: Code | B5: Category | C5: 2016 | D5: 2017 | E5: 2018 | F5: 2019 | G5: 2020 | H5: 2021 | I5: 2022 | J5: 2023 | K5: 2024 | L5: 2025
A6: 0 | B6: Food and live animals | C6: ='Export-dataset'!B4-'Import-dataset'!B4 -> 18644 | D6: ='Export-dataset'!B5-'Import-dataset'!B5 -> 22292 | E6: ='Export-dataset'!B6-'Import-dataset'!B6 -> 20139 | F6: ='Export-dataset'!B7-'Import-dataset'!B7 -> 20711 | G6: ='Export-dataset'!B8-'Import-dataset'!B8 -> 18021 | H6: ='Export-dataset'!B9-'Import-dataset'!B9 -> 27130 | I6: ='Export-dataset'!B10-'Import-dataset'!B10 -> 33604 | J6: ='Export-dataset'!B11-'Import-dataset'!B11 -> 35065 | K6: ='Export-dataset'!B12-'Import-dataset'!B12 -> 30269 | L6: ='Export-dataset'!B13-'Import-dataset'!B13 -> 37528
A7: 1 | B7: Beverages and tobacco | C7: ='Export-dataset'!M4-'Import-dataset'!M4 -> -592 | D7: ='Export-dataset'!M5-'Import-dataset'!M5 -> -254 | E7: ='Export-dataset'!M6-'Import-dataset'!M6 -> -164 | F7: ='Export-dataset'!M7-'Import-dataset'!M7 -> -216 | G7: ='Export-dataset'!M8-'Import-dataset'!M8 -> -192 | H7: ='Export-dataset'!M9-'Import-dataset'!M9 -> -926 | I7: ='Export-dataset'!M10-'Import-dataset'!M10 -> -1278 | J7: ='Export-dataset'!M11-'Import-dataset'!M11 -> -970 | K7: ='Export-dataset'!M12-'Import-dataset'!M12 -> -170 | L7: ='Export-dataset'!M13-'Import-dataset'!M13 -> -312
A8: 2 | B8: Crude materials, inedible, except fuels | C8: ='Export-dataset'!P4-'Import-dataset'!P4 -> 80415 | D8: ='Export-dataset'!P5-'Import-dataset'!P5 -> 95929 | E8: ='Export-dataset'!P6-'Import-dataset'!P6 -> 102894 | F8: ='Export-dataset'!P7-'Import-dataset'!P7 -> 133277 | G8: ='Export-dataset'!P8-'Import-dataset'!P8 -> 148711 | H8: ='Export-dataset'!P9-'Import-dataset'!P9 -> 193932 | I8: ='Export-dataset'!P10-'Import-dataset'!P10 -> 183643 | J8: ='Export-dataset'!P11-'Import-dataset'!P11 -> 199030 | K8: ='Export-dataset'!P12-'Import-dataset'!P12 -> 175469 | L8: ='Export-dataset'!P13-'Import-dataset'!P13 -> 175366
A9: 3 | B9: Mineral fuels, lubricants and related materials | C9: ='Export-dataset'!Z4-'Import-dataset'!Z4 -> 44098 | D9: ='Export-dataset'!Z5-'Import-dataset'!Z5 -> 61344 | E9: ='Export-dataset'!Z6-'Import-dataset'!Z6 -> 81757 | F9: ='Export-dataset'!Z7-'Import-dataset'!Z7 -> 87494 | G9: ='Export-dataset'!Z8-'Import-dataset'!Z8 -> 65713 | H9: ='Export-dataset'!Z9-'Import-dataset'!Z9 -> 91843 | I9: ='Export-dataset'!Z10-'Import-dataset'!Z10 -> 185528 | J9: ='Export-dataset'!Z11-'Import-dataset'!Z11 -> 134898 | K9: ='Export-dataset'!Z12-'Import-dataset'!Z12 -> 114093 | L9: ='Export-dataset'!Z13-'Import-dataset'!Z13 -> 86923
A10: 4 | B10: Animal and vegetable oils, fats and waxes | C10: ='Export-dataset'!AD4-'Import-dataset'!AD4 -> -25 | D10: ='Export-dataset'!AD5-'Import-dataset'!AD5 -> -22 | E10: ='Export-dataset'!AD6-'Import-dataset'!AD6 -> -93 | F10: ='Export-dataset'!AD7-'Import-dataset'!AD7 -> -78 | G10: ='Export-dataset'!AD8-'Import-dataset'!AD8 -> -5 | H10: ='Export-dataset'!AD9-'Import-dataset'!AD9 -> 254 | I10: ='Export-dataset'!AD10-'Import-dataset'!AD10 -> 588 | J10: ='Export-dataset'!AD11-'Import-dataset'!AD11 -> 621 | K10: ='Export-dataset'!AD12-'Import-dataset'!AD12 -> 140 | L10: ='Export-dataset'!AD13-'Import-dataset'!AD13 -> 524
A11: 5 | B11: Chemicals and related products, nes | C11: ='Export-dataset'!AH4-'Import-dataset'!AH4 -> -19338 | D11: ='Export-dataset'!AH5-'Import-dataset'!AH5 -> -19411 | E11: ='Export-dataset'!AH6-'Import-dataset'!AH6 -> -19327 | F11: ='Export-dataset'!AH7-'Import-dataset'!AH7 -> -19053 | G11: ='Export-dataset'!AH8-'Import-dataset'!AH8 -> -22199 | H11: ='Export-dataset'!AH9-'Import-dataset'!AH9 -> -26969 | I11: ='Export-dataset'!AH10-'Import-dataset'!AH10 -> -38818 | J11: ='Export-dataset'!AH11-'Import-dataset'!AH11 -> -31347 | K11: ='Export-dataset'!AH12-'Import-dataset'!AH12 -> -32760 | L11: ='Export-dataset'!AH13-'Import-dataset'!AH13 -> -35534
A12: 6 | B12: Manufactured goods classified chiefly by material | C12: ='Export-dataset'!AR4-'Import-dataset'!AR4 -> -14817 | D12: ='Export-dataset'!AR5-'Import-dataset'!AR5 -> -13952 | E12: ='Export-dataset'!AR6-'Import-dataset'!AR6 -> -15412 | F12: ='Export-dataset'!AR7-'Import-dataset'!AR7 -> -14719 | G12: ='Export-dataset'!AR8-'Import-dataset'!AR8 -> -19691 | H12: ='Export-dataset'!AR9-'Import-dataset'!AR9 -> -20274 | I12: ='Export-dataset'!AR10-'Import-dataset'!AR10 -> -24590 | J12: ='Export-dataset'!AR11-'Import-dataset'!AR11 -> -21283 | K12: ='Export-dataset'!AR12-'Import-dataset'!AR12 -> -23096 | L12: ='Export-dataset'!AR13-'Import-dataset'!AR13 -> -23153
A13: 7 | B13: Machinery and transport equipment | C13: ='Export-dataset'!BB4-'Import-dataset'!BB4 -> -87945 | D13: ='Export-dataset'!BB5-'Import-dataset'!BB5 -> -103295 | E13: ='Export-dataset'!BB6-'Import-dataset'!BB6 -> -106052 | F13: ='Export-dataset'!BB7-'Import-dataset'!BB7 -> -106294 | G13: ='Export-dataset'!BB8-'Import-dataset'!BB8 -> -105068 | H13: ='Export-dataset'!BB9-'Import-dataset'!BB9 -> -120677 | I13: ='Export-dataset'!BB10-'Import-dataset'!BB10 -> -140384 | J13: ='Export-dataset'!BB11-'Import-dataset'!BB11 -> -154751 | K13: ='Export-dataset'!BB12-'Import-dataset'!BB12 -> -160202 | L13: ='Export-dataset'!BB13-'Import-dataset'!BB13 -> -168746
A14: 8 | B14: Miscellaneous manufactured articles | C14: ='Export-dataset'!BL4-'Import-dataset'!BL4 -> -33807 | D14: ='Export-dataset'!BL5-'Import-dataset'!BL5 -> -33714 | E14: ='Export-dataset'!BL6-'Import-dataset'!BL6 -> -37011 | F14: ='Export-dataset'!BL7-'Import-dataset'!BL7 -> -38100 | G14: ='Export-dataset'!BL8-'Import-dataset'!BL8 -> -38662 | H14: ='Export-dataset'!BL9-'Import-dataset'!BL9 -> -42095 | I14: ='Export-dataset'!BL10-'Import-dataset'!BL10 -> -48399 | J14: ='Export-dataset'!BL11-'Import-dataset'!BL11 -> -45181 | K14: ='Export-dataset'!BL12-'Import-dataset'!BL12 -> -48336 | L14: ='Export-dataset'!BL13-'Import-dataset'!BL13 -> -51165
A15: 9 | B15: Commodities and transactions not classified elsewhere in the SITC | C15: ='Export-dataset'!BU4-'Import-dataset'!BU4 -> 17490 | D15: ='Export-dataset'!BU5-'Import-dataset'!BU5 -> 4126 | E15: ='Export-dataset'!BU6-'Import-dataset'!BU6 -> 13835 | F15: ='Export-dataset'!BU7-'Import-dataset'!BU7 -> 19410 | G15: ='Export-dataset'!BU8-'Import-dataset'!BU8 -> 22494 | H15: ='Export-dataset'!BU9-'Import-dataset'!BU9 -> 25722 | I15: ='Export-dataset'!BU10-'Import-dataset'!BU10 -> 26963 | J15: ='Export-dataset'!BU11-'Import-dataset'!BU11 -> 28672 | K15: ='Export-dataset'!BU12-'Import-dataset'!BU12 -> 31699 | L15: ='Export-dataset'!BU13-'Import-dataset'!BU13 -> 40792
A16: -1 | B16: TOTAL, all categories | C16: ='Export-dataset'!CA4-'Import-dataset'!CA4 -> 4124 | D16: ='Export-dataset'!CA5-'Import-dataset'!CA5 -> 13043 | E16: ='Export-dataset'!CA6-'Import-dataset'!CA6 -> 40565 | F16: ='Export-dataset'!CA7-'Import-dataset'!CA7 -> 82432 | G16: ='Export-dataset'!CA8-'Import-dataset'!CA8 -> 69125 | H16: ='Export-dataset'!CA9-'Import-dataset'!CA9 -> 127934 | I16: ='Export-dataset'!CA10-'Import-dataset'!CA10 -> 176863 | J16: ='Export-dataset'!CA11-'Import-dataset'!CA11 -> 144754 | K16: ='Export-dataset'!CA12-'Import-dataset'!CA12 -> 87110 | L16: ='Export-dataset'!CA13-'Import-dataset'!CA13 -> 62232
A18: Cover ratio, export divided by import
A19: Code | B19: Category | C19: 2016 | D19: 2017 | E19: 2018 | F19: 2019 | G19: 2020 | H19: 2021 | I19: 2022 | J19: 2023 | K19: 2024 | L19: 2025
A20: 0 | B20: Food and live animals | C20: =IFERROR('Export-dataset'!B4/'Import-dataset'!B4,"") -> 2.3339057 | D20: =IFERROR('Export-dataset'!B5/'Import-dataset'!B5,"") -> 2.5584452 | E20: =IFERROR('Export-dataset'!B6/'Import-dataset'!B6,"") -> 2.3308882 | F20: =IFERROR('Export-dataset'!B7/'Import-dataset'!B7,"") -> 2.2227536 | G20: =IFERROR('Export-dataset'!B8/'Import-dataset'!B8,"") -> 2.0235134 | H20: =IFERROR('Export-dataset'!B9/'Import-dataset'!B9,"") -> 2.6532602 | I20: =IFERROR('Export-dataset'!B10/'Import-dataset'!B10,"") -> 2.7216928 | J20: =IFERROR('Export-dataset'!B11/'Import-dataset'!B11,"") -> 2.7813961 | K20: =IFERROR('Export-dataset'!B12/'Import-dataset'!B12,"") -> 2.3577805 | L20: =IFERROR('Export-dataset'!B13/'Import-dataset'!B13,"") -> 2.5308179
A21: 1 | B21: Beverages and tobacco | C21: =IFERROR('Export-dataset'!M4/'Import-dataset'!M4,"") -> 0.81901559 | D21: =IFERROR('Export-dataset'!M5/'Import-dataset'!M5,"") -> 0.92267884 | E21: =IFERROR('Export-dataset'!M6/'Import-dataset'!M6,"") -> 0.9536854 | F21: =IFERROR('Export-dataset'!M7/'Import-dataset'!M7,"") -> 0.94312796 | G21: =IFERROR('Export-dataset'!M8/'Import-dataset'!M8,"") -> 0.9447482 | H21: =IFERROR('Export-dataset'!M9/'Import-dataset'!M9,"") -> 0.73151638 | I21: =IFERROR('Export-dataset'!M10/'Import-dataset'!M10,"") -> 0.66805195 | J21: =IFERROR('Export-dataset'!M11/'Import-dataset'!M11,"") -> 0.72427516 | K21: =IFERROR('Export-dataset'!M12/'Import-dataset'!M12,"") -> 0.94923858 | L21: =IFERROR('Export-dataset'!M13/'Import-dataset'!M13,"") -> 0.90763766
A22: 2 | B22: Crude materials, inedible, except fuels | C22: =IFERROR('Export-dataset'!P4/'Import-dataset'!P4,"") -> 26.082658 | D22: =IFERROR('Export-dataset'!P5/'Import-dataset'!P5,"") -> 28.068002 | E22: =IFERROR('Export-dataset'!P6/'Import-dataset'!P6,"") -> 26.820326 | F22: =IFERROR('Export-dataset'!P7/'Import-dataset'!P7,"") -> 43.471957 | G22: =IFERROR('Export-dataset'!P8/'Import-dataset'!P8,"") -> 46.658889 | H22: =IFERROR('Export-dataset'!P9/'Import-dataset'!P9,"") -> 46.663292 | I22: =IFERROR('Export-dataset'!P10/'Import-dataset'!P10,"") -> 40.467655 | J22: =IFERROR('Export-dataset'!P11/'Import-dataset'!P11,"") -> 51.630883 | K22: =IFERROR('Export-dataset'!P12/'Import-dataset'!P12,"") -> 43.599903 | L22: =IFERROR('Export-dataset'!P13/'Import-dataset'!P13,"") -> 34.181835
A23: 3 | B23: Mineral fuels, lubricants and related materials | C23: =IFERROR('Export-dataset'!Z4/'Import-dataset'!Z4,"") -> 2.8682427 | D23: =IFERROR('Export-dataset'!Z5/'Import-dataset'!Z5,"") -> 3.0581782 | E23: =IFERROR('Export-dataset'!Z6/'Import-dataset'!Z6,"") -> 3.0180934 | F23: =IFERROR('Export-dataset'!Z7/'Import-dataset'!Z7,"") -> 3.2553488 | G23: =IFERROR('Export-dataset'!Z8/'Import-dataset'!Z8,"") -> 3.8437338 | H23: =IFERROR('Export-dataset'!Z9/'Import-dataset'!Z9,"") -> 3.6581095 | I23: =IFERROR('Export-dataset'!Z10/'Import-dataset'!Z10,"") -> 3.8193174 | J23: =IFERROR('Export-dataset'!Z11/'Import-dataset'!Z11,"") -> 3.2241678 | K23: =IFERROR('Export-dataset'!Z12/'Import-dataset'!Z12,"") -> 3.0104848 | L23: =IFERROR('Export-dataset'!Z13/'Import-dataset'!Z13,"") -> 2.6321116
A24: 4 | B24: Animal and vegetable oils, fats and waxes | C24: =IFERROR('Export-dataset'!AD4/'Import-dataset'!AD4,"") -> 0.96428571 | D24: =IFERROR('Export-dataset'!AD5/'Import-dataset'!AD5,"") -> 0.96866097 | E24: =IFERROR('Export-dataset'!AD6/'Import-dataset'!AD6,"") -> 0.87698413 | F24: =IFERROR('Export-dataset'!AD7/'Import-dataset'!AD7,"") -> 0.89241379 | G24: =IFERROR('Export-dataset'!AD8/'Import-dataset'!AD8,"") -> 0.99347258 | H24: =IFERROR('Export-dataset'!AD9/'Import-dataset'!AD9,"") -> 1.3056558 | I24: =IFERROR('Export-dataset'!AD10/'Import-dataset'!AD10,"") -> 1.5374771 | J24: =IFERROR('Export-dataset'!AD11/'Import-dataset'!AD11,"") -> 1.6285425 | K24: =IFERROR('Export-dataset'!AD12/'Import-dataset'!AD12,"") -> 1.1113763 | L24: =IFERROR('Export-dataset'!AD13/'Import-dataset'!AD13,"") -> 1.4087363
A25: 5 | B25: Chemicals and related products, nes | C25: =IFERROR('Export-dataset'!AH4/'Import-dataset'!AH4,"") -> 0.30200325 | D25: =IFERROR('Export-dataset'!AH5/'Import-dataset'!AH5,"") -> 0.30808441 | E25: =IFERROR('Export-dataset'!AH6/'Import-dataset'!AH6,"") -> 0.35224721 | F25: =IFERROR('Export-dataset'!AH7/'Import-dataset'!AH7,"") -> 0.38586256 | G25: =IFERROR('Export-dataset'!AH8/'Import-dataset'!AH8,"") -> 0.33318314 | H25: =IFERROR('Export-dataset'!AH9/'Import-dataset'!AH9,"") -> 0.27152157 | I25: =IFERROR('Export-dataset'!AH10/'Import-dataset'!AH10,"") -> 0.24468313 | J25: =IFERROR('Export-dataset'!AH11/'Import-dataset'!AH11,"") -> 0.26812356 | K25: =IFERROR('Export-dataset'!AH12/'Import-dataset'!AH12,"") -> 0.27251732 | L25: =IFERROR('Export-dataset'!AH13/'Import-dataset'!AH13,"") -> 0.25466177
A26: 6 | B26: Manufactured goods classified chiefly by material | C26: =IFERROR('Export-dataset'!AR4/'Import-dataset'!AR4,"") -> 0.47500266 | D26: =IFERROR('Export-dataset'!AR5/'Import-dataset'!AR5,"") -> 0.51388453 | E26: =IFERROR('Export-dataset'!AR6/'Import-dataset'!AR6,"") -> 0.52495145 | F26: =IFERROR('Export-dataset'!AR7/'Import-dataset'!AR7,"") -> 0.5441058 | G26: =IFERROR('Export-dataset'!AR8/'Import-dataset'!AR8,"") -> 0.42757057 | H26: =IFERROR('Export-dataset'!AR9/'Import-dataset'!AR9,"") -> 0.45171323 | I26: =IFERROR('Export-dataset'!AR10/'Import-dataset'!AR10,"") -> 0.44140297 | J26: =IFERROR('Export-dataset'!AR11/'Import-dataset'!AR11,"") -> 0.47630413 | K26: =IFERROR('Export-dataset'!AR12/'Import-dataset'!AR12,"") -> 0.47040884 | L26: =IFERROR('Export-dataset'!AR13/'Import-dataset'!AR13,"") -> 0.49526945
A27: 7 | B27: Machinery and transport equipment | C27: =IFERROR('Export-dataset'!BB4/'Import-dataset'!BB4,"") -> 0.14890837 | D27: =IFERROR('Export-dataset'!BB5/'Import-dataset'!BB5,"") -> 0.12412132 | E27: =IFERROR('Export-dataset'!BB6/'Import-dataset'!BB6,"") -> 0.12645382 | F27: =IFERROR('Export-dataset'!BB7/'Import-dataset'!BB7,"") -> 0.13782587 | G27: =IFERROR('Export-dataset'!BB8/'Import-dataset'!BB8,"") -> 0.12257612 | H27: =IFERROR('Export-dataset'!BB9/'Import-dataset'!BB9,"") -> 0.10876999 | I27: =IFERROR('Export-dataset'!BB10/'Import-dataset'!BB10,"") -> 0.1052645 | J27: =IFERROR('Export-dataset'!BB11/'Import-dataset'!BB11,"") -> 0.10731735 | K27: =IFERROR('Export-dataset'!BB12/'Import-dataset'!BB12,"") -> 0.11336794 | L27: =IFERROR('Export-dataset'!BB13/'Import-dataset'!BB13,"") -> 0.11630952
A28: 8 | B28: Miscellaneous manufactured articles | C28: =IFERROR('Export-dataset'!BL4/'Import-dataset'!BL4,"") -> 0.16246748 | D28: =IFERROR('Export-dataset'!BL5/'Import-dataset'!BL5,"") -> 0.16901235 | E28: =IFERROR('Export-dataset'!BL6/'Import-dataset'!BL6,"") -> 0.16451839 | F28: =IFERROR('Export-dataset'!BL7/'Import-dataset'!BL7,"") -> 0.17724799 | G28: =IFERROR('Export-dataset'!BL8/'Import-dataset'!BL8,"") -> 0.16021547 | H28: =IFERROR('Export-dataset'!BL9/'Import-dataset'!BL9,"") -> 0.16030001 | I28: =IFERROR('Export-dataset'!BL10/'Import-dataset'!BL10,"") -> 0.15792679 | J28: =IFERROR('Export-dataset'!BL11/'Import-dataset'!BL11,"") -> 0.18882186 | K28: =IFERROR('Export-dataset'!BL12/'Import-dataset'!BL12,"") -> 0.18502782 | L28: =IFERROR('Export-dataset'!BL13/'Import-dataset'!BL13,"") -> 0.18821793
A29: 9 | B29: Commodities and transactions not classified elsewhere in the SITC | C29: =IFERROR('Export-dataset'!BU4/'Import-dataset'!BU4,"") -> 2.7556716 | D29: =IFERROR('Export-dataset'!BU5/'Import-dataset'!BU5,"") -> 1.1928308 | E29: =IFERROR('Export-dataset'!BU6/'Import-dataset'!BU6,"") -> 2.1396211 | F29: =IFERROR('Export-dataset'!BU7/'Import-dataset'!BU7,"") -> 2.72518 | G29: =IFERROR('Export-dataset'!BU8/'Import-dataset'!BU8,"") -> 2.8880309 | H29: =IFERROR('Export-dataset'!BU9/'Import-dataset'!BU9,"") -> 3.2943538 | I29: =IFERROR('Export-dataset'!BU10/'Import-dataset'!BU10,"") -> 3.1935405 | J29: =IFERROR('Export-dataset'!BU11/'Import-dataset'!BU11,"") -> 3.2800795 | K29: =IFERROR('Export-dataset'!BU12/'Import-dataset'!BU12,"") -> 3.3533036 | L29: =IFERROR('Export-dataset'!BU13/'Import-dataset'!BU13,"") -> 2.5920693
A30: -1 | B30: TOTAL, all categories | C30: =IFERROR('Export-dataset'!CA4/'Import-dataset'!CA4,"") -> 1.0162142 | D30: =IFERROR('Export-dataset'!CA5/'Import-dataset'!CA5,"") -> 1.0452425 | E30: =IFERROR('Export-dataset'!CA6/'Import-dataset'!CA6,"") -> 1.1334156 | F30: =IFERROR('Export-dataset'!CA7/'Import-dataset'!CA7,"") -> 1.2680288 | G30: =IFERROR('Export-dataset'!CA8/'Import-dataset'!CA8,"") -> 1.235437 | H30: =IFERROR('Export-dataset'!CA9/'Import-dataset'!CA9,"") -> 1.3874041 | I30: =IFERROR('Export-dataset'!CA10/'Import-dataset'!CA10,"") -> 1.4241299 | J30: =IFERROR('Export-dataset'!CA11/'Import-dataset'!CA11,"") -> 1.349758 | K30: =IFERROR('Export-dataset'!CA12/'Import-dataset'!CA12,"") -> 1.2026412 | L30: =IFERROR('Export-dataset'!CA13/'Import-dataset'!CA13,"") -> 1.1350327

Sheet Correlation
A1: Correlation between main categories, on year on year growth
A2: Each cell is the correlation of two categories across the nine growth years. A value near zero means the two categories move independently.
A4: Export: growth correlation matrix
A5: Code | B5: Category | C5: 0 | D5: 1 | E5: 2 | F5: 3 | G5: 4 | H5: 5 | I5: 6 | J5: 7 | K5: 8 | L5: 9
A6: 0 | B6: Food and live animals | C6: =CORREL('Main-Analytics'!$C$19:$K$19,'Main-Analytics'!$C$19:$K$19) -> 1 | D6: =CORREL('Main-Analytics'!$C$19:$K$19,'Main-Analytics'!$C$20:$K$20) -> -0.48727748 | E6: =CORREL('Main-Analytics'!$C$19:$K$19,'Main-Analytics'!$C$21:$K$21) -> 0.2221315 | F6: =CORREL('Main-Analytics'!$C$19:$K$19,'Main-Analytics'!$C$22:$K$22) -> 0.59516338 | G6: =CORREL('Main-Analytics'!$C$19:$K$19,'Main-Analytics'!$C$23:$K$23) -> 0.77877638 | H6: =CORREL('Main-Analytics'!$C$19:$K$19,'Main-Analytics'!$C$24:$K$24) -> 0.013168527 | I6: =CORREL('Main-Analytics'!$C$19:$K$19,'Main-Analytics'!$C$25:$K$25) -> 0.59099905 | J6: =CORREL('Main-Analytics'!$C$19:$K$19,'Main-Analytics'!$C$26:$K$26) -> 0.21292313 | K6: =CORREL('Main-Analytics'!$C$19:$K$19,'Main-Analytics'!$C$27:$K$27) -> 0.48827498 | L6: =CORREL('Main-Analytics'!$C$19:$K$19,'Main-Analytics'!$C$28:$K$28) -> 0.21981651
A7: 1 | B7: Beverages and tobacco | C7: =CORREL('Main-Analytics'!$C$20:$K$20,'Main-Analytics'!$C$19:$K$19) -> -0.48727748 | D7: =CORREL('Main-Analytics'!$C$20:$K$20,'Main-Analytics'!$C$20:$K$20) -> 1 | E7: =CORREL('Main-Analytics'!$C$20:$K$20,'Main-Analytics'!$C$21:$K$21) -> -0.51879564 | F7: =CORREL('Main-Analytics'!$C$20:$K$20,'Main-Analytics'!$C$22:$K$22) -> -0.046379679 | G7: =CORREL('Main-Analytics'!$C$20:$K$20,'Main-Analytics'!$C$23:$K$23) -> -0.67544016 | H7: =CORREL('Main-Analytics'!$C$20:$K$20,'Main-Analytics'!$C$24:$K$24) -> 0.54267639 | I7: =CORREL('Main-Analytics'!$C$20:$K$20,'Main-Analytics'!$C$25:$K$25) -> 0.13489499 | J7: =CORREL('Main-Analytics'!$C$20:$K$20,'Main-Analytics'!$C$26:$K$26) -> 0.30070048 | K7: =CORREL('Main-Analytics'!$C$20:$K$20,'Main-Analytics'!$C$27:$K$27) -> 0.028969328 | L7: =CORREL('Main-Analytics'!$C$20:$K$20,'Main-Analytics'!$C$28:$K$28) -> -0.23716609
A8: 2 | B8: Crude materials, inedible, except fuels | C8: =CORREL('Main-Analytics'!$C$21:$K$21,'Main-Analytics'!$C$19:$K$19) -> 0.2221315 | D8: =CORREL('Main-Analytics'!$C$21:$K$21,'Main-Analytics'!$C$20:$K$20) -> -0.51879564 | E8: =CORREL('Main-Analytics'!$C$21:$K$21,'Main-Analytics'!$C$21:$K$21) -> 1 | F8: =CORREL('Main-Analytics'!$C$21:$K$21,'Main-Analytics'!$C$22:$K$22) -> 0.030606681 | G8: =CORREL('Main-Analytics'!$C$21:$K$21,'Main-Analytics'!$C$23:$K$23) -> 0.032745151 | H8: =CORREL('Main-Analytics'!$C$21:$K$21,'Main-Analytics'!$C$24:$K$24) -> -0.31730875 | I8: =CORREL('Main-Analytics'!$C$21:$K$21,'Main-Analytics'!$C$25:$K$25) -> -0.085899871 | J8: =CORREL('Main-Analytics'!$C$21:$K$21,'Main-Analytics'!$C$26:$K$26) -> -0.37114896 | K8: =CORREL('Main-Analytics'!$C$21:$K$21,'Main-Analytics'!$C$27:$K$27) -> 0.038521248 | L8: =CORREL('Main-Analytics'!$C$21:$K$21,'Main-Analytics'!$C$28:$K$28) -> -0.18101432
A9: 3 | B9: Mineral fuels, lubricants and related materials | C9: =CORREL('Main-Analytics'!$C$22:$K$22,'Main-Analytics'!$C$19:$K$19) -> 0.59516338 | D9: =CORREL('Main-Analytics'!$C$22:$K$22,'Main-Analytics'!$C$20:$K$20) -> -0.046379679 | E9: =CORREL('Main-Analytics'!$C$22:$K$22,'Main-Analytics'!$C$21:$K$21) -> 0.030606681 | F9: =CORREL('Main-Analytics'!$C$22:$K$22,'Main-Analytics'!$C$22:$K$22) -> 1 | G9: =CORREL('Main-Analytics'!$C$22:$K$22,'Main-Analytics'!$C$23:$K$23) -> 0.57976215 | H9: =CORREL('Main-Analytics'!$C$22:$K$22,'Main-Analytics'!$C$24:$K$24) -> 0.61957782 | I9: =CORREL('Main-Analytics'!$C$22:$K$22,'Main-Analytics'!$C$25:$K$25) -> 0.717957 | J9: =CORREL('Main-Analytics'!$C$22:$K$22,'Main-Analytics'!$C$26:$K$26) -> 0.16735826 | K9: =CORREL('Main-Analytics'!$C$22:$K$22,'Main-Analytics'!$C$27:$K$27) -> 0.35612277 | L9: =CORREL('Main-Analytics'!$C$22:$K$22,'Main-Analytics'!$C$28:$K$28) -> -0.41380149
A10: 4 | B10: Animal and vegetable oils, fats and waxes | C10: =CORREL('Main-Analytics'!$C$23:$K$23,'Main-Analytics'!$C$19:$K$19) -> 0.77877638 | D10: =CORREL('Main-Analytics'!$C$23:$K$23,'Main-Analytics'!$C$20:$K$20) -> -0.67544016 | E10: =CORREL('Main-Analytics'!$C$23:$K$23,'Main-Analytics'!$C$21:$K$21) -> 0.032745151 | F10: =CORREL('Main-Analytics'!$C$23:$K$23,'Main-Analytics'!$C$22:$K$22) -> 0.57976215 | G10: =CORREL('Main-Analytics'!$C$23:$K$23,'Main-Analytics'!$C$23:$K$23) -> 1 | H10: =CORREL('Main-Analytics'!$C$23:$K$23,'Main-Analytics'!$C$24:$K$24) -> 0.031896615 | I10: =CORREL('Main-Analytics'!$C$23:$K$23,'Main-Analytics'!$C$25:$K$25) -> 0.30221816 | J10: =CORREL('Main-Analytics'!$C$23:$K$23,'Main-Analytics'!$C$26:$K$26) -> -0.056266181 | K10: =CORREL('Main-Analytics'!$C$23:$K$23,'Main-Analytics'!$C$27:$K$27) -> 0.08071459 | L10: =CORREL('Main-Analytics'!$C$23:$K$23,'Main-Analytics'!$C$28:$K$28) -> 0.23664179
A11: 5 | B11: Chemicals and related products, nes | C11: =CORREL('Main-Analytics'!$C$24:$K$24,'Main-Analytics'!$C$19:$K$19) -> 0.013168527 | D11: =CORREL('Main-Analytics'!$C$24:$K$24,'Main-Analytics'!$C$20:$K$20) -> 0.54267639 | E11: =CORREL('Main-Analytics'!$C$24:$K$24,'Main-Analytics'!$C$21:$K$21) -> -0.31730875 | F11: =CORREL('Main-Analytics'!$C$24:$K$24,'Main-Analytics'!$C$22:$K$22) -> 0.61957782 | G11: =CORREL('Main-Analytics'!$C$24:$K$24,'Main-Analytics'!$C$23:$K$23) -> 0.031896615 | H11: =CORREL('Main-Analytics'!$C$24:$K$24,'Main-Analytics'!$C$24:$K$24) -> 1 | I11: =CORREL('Main-Analytics'!$C$24:$K$24,'Main-Analytics'!$C$25:$K$25) -> 0.52566772 | J11: =CORREL('Main-Analytics'!$C$24:$K$24,'Main-Analytics'!$C$26:$K$26) -> 0.41831263 | K11: =CORREL('Main-Analytics'!$C$24:$K$24,'Main-Analytics'!$C$27:$K$27) -> 0.27079087 | L11: =CORREL('Main-Analytics'!$C$24:$K$24,'Main-Analytics'!$C$28:$K$28) -> -0.16372026
A12: 6 | B12: Manufactured goods classified chiefly by material | C12: =CORREL('Main-Analytics'!$C$25:$K$25,'Main-Analytics'!$C$19:$K$19) -> 0.59099905 | D12: =CORREL('Main-Analytics'!$C$25:$K$25,'Main-Analytics'!$C$20:$K$20) -> 0.13489499 | E12: =CORREL('Main-Analytics'!$C$25:$K$25,'Main-Analytics'!$C$21:$K$21) -> -0.085899871 | F12: =CORREL('Main-Analytics'!$C$25:$K$25,'Main-Analytics'!$C$22:$K$22) -> 0.717957 | G12: =CORREL('Main-Analytics'!$C$25:$K$25,'Main-Analytics'!$C$23:$K$23) -> 0.30221816 | H12: =CORREL('Main-Analytics'!$C$25:$K$25,'Main-Analytics'!$C$24:$K$24) -> 0.52566772 | I12: =CORREL('Main-Analytics'!$C$25:$K$25,'Main-Analytics'!$C$25:$K$25) -> 1 | J12: =CORREL('Main-Analytics'!$C$25:$K$25,'Main-Analytics'!$C$26:$K$26) -> 0.49916513 | K12: =CORREL('Main-Analytics'!$C$25:$K$25,'Main-Analytics'!$C$27:$K$27) -> 0.60455242 | L12: =CORREL('Main-Analytics'!$C$25:$K$25,'Main-Analytics'!$C$28:$K$28) -> -0.060952433
A13: 7 | B13: Machinery and transport equipment | C13: =CORREL('Main-Analytics'!$C$26:$K$26,'Main-Analytics'!$C$19:$K$19) -> 0.21292313 | D13: =CORREL('Main-Analytics'!$C$26:$K$26,'Main-Analytics'!$C$20:$K$20) -> 0.30070048 | E13: =CORREL('Main-Analytics'!$C$26:$K$26,'Main-Analytics'!$C$21:$K$21) -> -0.37114896 | F13: =CORREL('Main-Analytics'!$C$26:$K$26,'Main-Analytics'!$C$22:$K$22) -> 0.16735826 | G13: =CORREL('Main-Analytics'!$C$26:$K$26,'Main-Analytics'!$C$23:$K$23) -> -0.056266181 | H13: =CORREL('Main-Analytics'!$C$26:$K$26,'Main-Analytics'!$C$24:$K$24) -> 0.41831263 | I13: =CORREL('Main-Analytics'!$C$26:$K$26,'Main-Analytics'!$C$25:$K$25) -> 0.49916513 | J13: =CORREL('Main-Analytics'!$C$26:$K$26,'Main-Analytics'!$C$26:$K$26) -> 1 | K13: =CORREL('Main-Analytics'!$C$26:$K$26,'Main-Analytics'!$C$27:$K$27) -> 0.8603167 | L13: =CORREL('Main-Analytics'!$C$26:$K$26,'Main-Analytics'!$C$28:$K$28) -> 0.23106482
A14: 8 | B14: Miscellaneous manufactured articles | C14: =CORREL('Main-Analytics'!$C$27:$K$27,'Main-Analytics'!$C$19:$K$19) -> 0.48827498 | D14: =CORREL('Main-Analytics'!$C$27:$K$27,'Main-Analytics'!$C$20:$K$20) -> 0.028969328 | E14: =CORREL('Main-Analytics'!$C$27:$K$27,'Main-Analytics'!$C$21:$K$21) -> 0.038521248 | F14: =CORREL('Main-Analytics'!$C$27:$K$27,'Main-Analytics'!$C$22:$K$22) -> 0.35612277 | G14: =CORREL('Main-Analytics'!$C$27:$K$27,'Main-Analytics'!$C$23:$K$23) -> 0.08071459 | H14: =CORREL('Main-Analytics'!$C$27:$K$27,'Main-Analytics'!$C$24:$K$24) -> 0.27079087 | I14: =CORREL('Main-Analytics'!$C$27:$K$27,'Main-Analytics'!$C$25:$K$25) -> 0.60455242 | J14: =CORREL('Main-Analytics'!$C$27:$K$27,'Main-Analytics'!$C$26:$K$26) -> 0.8603167 | K14: =CORREL('Main-Analytics'!$C$27:$K$27,'Main-Analytics'!$C$27:$K$27) -> 1 | L14: =CORREL('Main-Analytics'!$C$27:$K$27,'Main-Analytics'!$C$28:$K$28) -> 0.027405448
A15: 9 | B15: Commodities and transactions not classified elsewhere in the SITC | C15: =CORREL('Main-Analytics'!$C$28:$K$28,'Main-Analytics'!$C$19:$K$19) -> 0.21981651 | D15: =CORREL('Main-Analytics'!$C$28:$K$28,'Main-Analytics'!$C$20:$K$20) -> -0.23716609 | E15: =CORREL('Main-Analytics'!$C$28:$K$28,'Main-Analytics'!$C$21:$K$21) -> -0.18101432 | F15: =CORREL('Main-Analytics'!$C$28:$K$28,'Main-Analytics'!$C$22:$K$22) -> -0.41380149 | G15: =CORREL('Main-Analytics'!$C$28:$K$28,'Main-Analytics'!$C$23:$K$23) -> 0.23664179 | H15: =CORREL('Main-Analytics'!$C$28:$K$28,'Main-Analytics'!$C$24:$K$24) -> -0.16372026 | I15: =CORREL('Main-Analytics'!$C$28:$K$28,'Main-Analytics'!$C$25:$K$25) -> -0.060952433 | J15: =CORREL('Main-Analytics'!$C$28:$K$28,'Main-Analytics'!$C$26:$K$26) -> 0.23106482 | K15: =CORREL('Main-Analytics'!$C$28:$K$28,'Main-Analytics'!$C$27:$K$27) -> 0.027405448 | L15: =CORREL('Main-Analytics'!$C$28:$K$28,'Main-Analytics'!$C$28:$K$28) -> 1
A17: Import: growth correlation matrix
A18: Code | B18: Category | C18: 0 | D18: 1 | E18: 2 | F18: 3 | G18: 4 | H18: 5 | I18: 6 | J18: 7 | K18: 8 | L18: 9
A19: 0 | B19: Food and live animals | C19: =CORREL('Main-Analytics'!$C$84:$K$84,'Main-Analytics'!$C$84:$K$84) -> 1 | D19: =CORREL('Main-Analytics'!$C$84:$K$84,'Main-Analytics'!$C$85:$K$85) -> 0.50959361 | E19: =CORREL('Main-Analytics'!$C$84:$K$84,'Main-Analytics'!$C$86:$K$86) -> -0.2424404 | F19: =CORREL('Main-Analytics'!$C$84:$K$84,'Main-Analytics'!$C$87:$K$87) -> 0.15094164 | G19: =CORREL('Main-Analytics'!$C$84:$K$84,'Main-Analytics'!$C$88:$K$88) -> 0.5587752 | H19: =CORREL('Main-Analytics'!$C$84:$K$84,'Main-Analytics'!$C$89:$K$89) -> 0.52652748 | I19: =CORREL('Main-Analytics'!$C$84:$K$84,'Main-Analytics'!$C$90:$K$90) -> 0.42757193 | J19: =CORREL('Main-Analytics'!$C$84:$K$84,'Main-Analytics'!$C$91:$K$91) -> -0.11355535 | K19: =CORREL('Main-Analytics'!$C$84:$K$84,'Main-Analytics'!$C$92:$K$92) -> 0.45485936 | L19: =CORREL('Main-Analytics'!$C$84:$K$84,'Main-Analytics'!$C$93:$K$93) -> 0.0036886995
A20: 1 | B20: Beverages and tobacco | C20: =CORREL('Main-Analytics'!$C$85:$K$85,'Main-Analytics'!$C$84:$K$84) -> 0.50959361 | D20: =CORREL('Main-Analytics'!$C$85:$K$85,'Main-Analytics'!$C$85:$K$85) -> 1 | E20: =CORREL('Main-Analytics'!$C$85:$K$85,'Main-Analytics'!$C$86:$K$86) -> 0.10226847 | F20: =CORREL('Main-Analytics'!$C$85:$K$85,'Main-Analytics'!$C$87:$K$87) -> 0.71998396 | G20: =CORREL('Main-Analytics'!$C$85:$K$85,'Main-Analytics'!$C$88:$K$88) -> 0.32707133 | H20: =CORREL('Main-Analytics'!$C$85:$K$85,'Main-Analytics'!$C$89:$K$89) -> 0.66174607 | I20: =CORREL('Main-Analytics'!$C$85:$K$85,'Main-Analytics'!$C$90:$K$90) -> 0.59513551 | J20: =CORREL('Main-Analytics'!$C$85:$K$85,'Main-Analytics'!$C$91:$K$91) -> 0.25659346 | K20: =CORREL('Main-Analytics'!$C$85:$K$85,'Main-Analytics'!$C$92:$K$92) -> 0.77032135 | L20: =CORREL('Main-Analytics'!$C$85:$K$85,'Main-Analytics'!$C$93:$K$93) -> -0.12181112
A21: 2 | B21: Crude materials, inedible, except fuels | C21: =CORREL('Main-Analytics'!$C$86:$K$86,'Main-Analytics'!$C$84:$K$84) -> -0.2424404 | D21: =CORREL('Main-Analytics'!$C$86:$K$86,'Main-Analytics'!$C$85:$K$85) -> 0.10226847 | E21: =CORREL('Main-Analytics'!$C$86:$K$86,'Main-Analytics'!$C$86:$K$86) -> 1 | F21: =CORREL('Main-Analytics'!$C$86:$K$86,'Main-Analytics'!$C$87:$K$87) -> 0.36767503 | G21: =CORREL('Main-Analytics'!$C$86:$K$86,'Main-Analytics'!$C$88:$K$88) -> 0.32996477 | H21: =CORREL('Main-Analytics'!$C$86:$K$86,'Main-Analytics'!$C$89:$K$89) -> 0.38226428 | I21: =CORREL('Main-Analytics'!$C$86:$K$86,'Main-Analytics'!$C$90:$K$90) -> 0.52994908 | J21: =CORREL('Main-Analytics'!$C$86:$K$86,'Main-Analytics'!$C$91:$K$91) -> 0.28582743 | K21: =CORREL('Main-Analytics'!$C$86:$K$86,'Main-Analytics'!$C$92:$K$92) -> 0.4706338 | L21: =CORREL('Main-Analytics'!$C$86:$K$86,'Main-Analytics'!$C$93:$K$93) -> 0.30402271
A22: 3 | B22: Mineral fuels, lubricants and related materials | C22: =CORREL('Main-Analytics'!$C$87:$K$87,'Main-Analytics'!$C$84:$K$84) -> 0.15094164 | D22: =CORREL('Main-Analytics'!$C$87:$K$87,'Main-Analytics'!$C$85:$K$85) -> 0.71998396 | E22: =CORREL('Main-Analytics'!$C$87:$K$87,'Main-Analytics'!$C$86:$K$86) -> 0.36767503 | F22: =CORREL('Main-Analytics'!$C$87:$K$87,'Main-Analytics'!$C$87:$K$87) -> 1 | G22: =CORREL('Main-Analytics'!$C$87:$K$87,'Main-Analytics'!$C$88:$K$88) -> 0.51136926 | H22: =CORREL('Main-Analytics'!$C$87:$K$87,'Main-Analytics'!$C$89:$K$89) -> 0.69310547 | I22: =CORREL('Main-Analytics'!$C$87:$K$87,'Main-Analytics'!$C$90:$K$90) -> 0.6350065 | J22: =CORREL('Main-Analytics'!$C$87:$K$87,'Main-Analytics'!$C$91:$K$91) -> 0.75940971 | K22: =CORREL('Main-Analytics'!$C$87:$K$87,'Main-Analytics'!$C$92:$K$92) -> 0.77135374 | L22: =CORREL('Main-Analytics'!$C$87:$K$87,'Main-Analytics'!$C$93:$K$93) -> -0.090631054
A23: 4 | B23: Animal and vegetable oils, fats and waxes | C23: =CORREL('Main-Analytics'!$C$88:$K$88,'Main-Analytics'!$C$84:$K$84) -> 0.5587752 | D23: =CORREL('Main-Analytics'!$C$88:$K$88,'Main-Analytics'!$C$85:$K$85) -> 0.32707133 | E23: =CORREL('Main-Analytics'!$C$88:$K$88,'Main-Analytics'!$C$86:$K$86) -> 0.32996477 | F23: =CORREL('Main-Analytics'!$C$88:$K$88,'Main-Analytics'!$C$87:$K$87) -> 0.51136926 | G23: =CORREL('Main-Analytics'!$C$88:$K$88,'Main-Analytics'!$C$88:$K$88) -> 1 | H23: =CORREL('Main-Analytics'!$C$88:$K$88,'Main-Analytics'!$C$89:$K$89) -> 0.78426737 | I23: =CORREL('Main-Analytics'!$C$88:$K$88,'Main-Analytics'!$C$90:$K$90) -> 0.82192606 | J23: =CORREL('Main-Analytics'!$C$88:$K$88,'Main-Analytics'!$C$91:$K$91) -> 0.20186485 | K23: =CORREL('Main-Analytics'!$C$88:$K$88,'Main-Analytics'!$C$92:$K$92) -> 0.73791655 | L23: =CORREL('Main-Analytics'!$C$88:$K$88,'Main-Analytics'!$C$93:$K$93) -> -0.17621025
A24: 5 | B24: Chemicals and related products, nes | C24: =CORREL('Main-Analytics'!$C$89:$K$89,'Main-Analytics'!$C$84:$K$84) -> 0.52652748 | D24: =CORREL('Main-Analytics'!$C$89:$K$89,'Main-Analytics'!$C$85:$K$85) -> 0.66174607 | E24: =CORREL('Main-Analytics'!$C$89:$K$89,'Main-Analytics'!$C$86:$K$86) -> 0.38226428 | F24: =CORREL('Main-Analytics'!$C$89:$K$89,'Main-Analytics'!$C$87:$K$87) -> 0.69310547 | G24: =CORREL('Main-Analytics'!$C$89:$K$89,'Main-Analytics'!$C$88:$K$88) -> 0.78426737 | H24: =CORREL('Main-Analytics'!$C$89:$K$89,'Main-Analytics'!$C$89:$K$89) -> 1 | I24: =CORREL('Main-Analytics'!$C$89:$K$89,'Main-Analytics'!$C$90:$K$90) -> 0.89137211 | J24: =CORREL('Main-Analytics'!$C$89:$K$89,'Main-Analytics'!$C$91:$K$91) -> 0.28127196 | K24: =CORREL('Main-Analytics'!$C$89:$K$89,'Main-Analytics'!$C$92:$K$92) -> 0.84003287 | L24: =CORREL('Main-Analytics'!$C$89:$K$89,'Main-Analytics'!$C$93:$K$93) -> -0.08714001
A25: 6 | B25: Manufactured goods classified chiefly by material | C25: =CORREL('Main-Analytics'!$C$90:$K$90,'Main-Analytics'!$C$84:$K$84) -> 0.42757193 | D25: =CORREL('Main-Analytics'!$C$90:$K$90,'Main-Analytics'!$C$85:$K$85) -> 0.59513551 | E25: =CORREL('Main-Analytics'!$C$90:$K$90,'Main-Analytics'!$C$86:$K$86) -> 0.52994908 | F25: =CORREL('Main-Analytics'!$C$90:$K$90,'Main-Analytics'!$C$87:$K$87) -> 0.6350065 | G25: =CORREL('Main-Analytics'!$C$90:$K$90,'Main-Analytics'!$C$88:$K$88) -> 0.82192606 | H25: =CORREL('Main-Analytics'!$C$90:$K$90,'Main-Analytics'!$C$89:$K$89) -> 0.89137211 | I25: =CORREL('Main-Analytics'!$C$90:$K$90,'Main-Analytics'!$C$90:$K$90) -> 1 | J25: =CORREL('Main-Analytics'!$C$90:$K$90,'Main-Analytics'!$C$91:$K$91) -> 0.11571743 | K25: =CORREL('Main-Analytics'!$C$90:$K$90,'Main-Analytics'!$C$92:$K$92) -> 0.85795 | L25: =CORREL('Main-Analytics'!$C$90:$K$90,'Main-Analytics'!$C$93:$K$93) -> -0.22429593
A26: 7 | B26: Machinery and transport equipment | C26: =CORREL('Main-Analytics'!$C$91:$K$91,'Main-Analytics'!$C$84:$K$84) -> -0.11355535 | D26: =CORREL('Main-Analytics'!$C$91:$K$91,'Main-Analytics'!$C$85:$K$85) -> 0.25659346 | E26: =CORREL('Main-Analytics'!$C$91:$K$91,'Main-Analytics'!$C$86:$K$86) -> 0.28582743 | F26: =CORREL('Main-Analytics'!$C$91:$K$91,'Main-Analytics'!$C$87:$K$87) -> 0.75940971 | G26: =CORREL('Main-Analytics'!$C$91:$K$91,'Main-Analytics'!$C$88:$K$88) -> 0.20186485 | H26: =CORREL('Main-Analytics'!$C$91:$K$91,'Main-Analytics'!$C$89:$K$89) -> 0.28127196 | I26: =CORREL('Main-Analytics'!$C$91:$K$91,'Main-Analytics'!$C$90:$K$90) -> 0.11571743 | J26: =CORREL('Main-Analytics'!$C$91:$K$91,'Main-Analytics'!$C$91:$K$91) -> 1 | K26: =CORREL('Main-Analytics'!$C$91:$K$91,'Main-Analytics'!$C$92:$K$92) -> 0.29231171 | L26: =CORREL('Main-Analytics'!$C$91:$K$91,'Main-Analytics'!$C$93:$K$93) -> 0.33102801
A27: 8 | B27: Miscellaneous manufactured articles | C27: =CORREL('Main-Analytics'!$C$92:$K$92,'Main-Analytics'!$C$84:$K$84) -> 0.45485936 | D27: =CORREL('Main-Analytics'!$C$92:$K$92,'Main-Analytics'!$C$85:$K$85) -> 0.77032135 | E27: =CORREL('Main-Analytics'!$C$92:$K$92,'Main-Analytics'!$C$86:$K$86) -> 0.4706338 | F27: =CORREL('Main-Analytics'!$C$92:$K$92,'Main-Analytics'!$C$87:$K$87) -> 0.77135374 | G27: =CORREL('Main-Analytics'!$C$92:$K$92,'Main-Analytics'!$C$88:$K$88) -> 0.73791655 | H27: =CORREL('Main-Analytics'!$C$92:$K$92,'Main-Analytics'!$C$89:$K$89) -> 0.84003287 | I27: =CORREL('Main-Analytics'!$C$92:$K$92,'Main-Analytics'!$C$90:$K$90) -> 0.85795 | J27: =CORREL('Main-Analytics'!$C$92:$K$92,'Main-Analytics'!$C$91:$K$91) -> 0.29231171 | K27: =CORREL('Main-Analytics'!$C$92:$K$92,'Main-Analytics'!$C$92:$K$92) -> 1 | L27: =CORREL('Main-Analytics'!$C$92:$K$92,'Main-Analytics'!$C$93:$K$93) -> -0.26294485
A28: 9 | B28: Commodities and transactions not classified elsewhere in the SITC | C28: =CORREL('Main-Analytics'!$C$93:$K$93,'Main-Analytics'!$C$84:$K$84) -> 0.0036886995 | D28: =CORREL('Main-Analytics'!$C$93:$K$93,'Main-Analytics'!$C$85:$K$85) -> -0.12181112 | E28: =CORREL('Main-Analytics'!$C$93:$K$93,'Main-Analytics'!$C$86:$K$86) -> 0.30402271 | F28: =CORREL('Main-Analytics'!$C$93:$K$93,'Main-Analytics'!$C$87:$K$87) -> -0.090631054 | G28: =CORREL('Main-Analytics'!$C$93:$K$93,'Main-Analytics'!$C$88:$K$88) -> -0.17621025 | H28: =CORREL('Main-Analytics'!$C$93:$K$93,'Main-Analytics'!$C$89:$K$89) -> -0.08714001 | I28: =CORREL('Main-Analytics'!$C$93:$K$93,'Main-Analytics'!$C$90:$K$90) -> -0.22429593 | J28: =CORREL('Main-Analytics'!$C$93:$K$93,'Main-Analytics'!$C$91:$K$91) -> 0.33102801 | K28: =CORREL('Main-Analytics'!$C$93:$K$93,'Main-Analytics'!$C$92:$K$92) -> -0.26294485 | L28: =CORREL('Main-Analytics'!$C$93:$K$93,'Main-Analytics'!$C$93:$K$93) -> 1

Sheet ChangePoints
A1: Change points for each year, 2017 to 2025
A2: The helper blocks hold the dollar change of every main category. The summary names the largest rise and the largest fall in each year.
A4: Export: dollar change by main category ($ Millions)
A5: Code | B5: Category | C5: 2017 | D5: 2018 | E5: 2019 | F5: 2020 | G5: 2021 | H5: 2022 | I5: 2023 | J5: 2024 | K5: 2025
A6: 0 | B6: Food and live animals | C6: ='Export-dataset'!B5-'Export-dataset'!B4 -> 3975 | D6: ='Export-dataset'!B6-'Export-dataset'!B5 -> -1325 | E6: ='Export-dataset'!B7-'Export-dataset'!B6 -> 2378 | F6: ='Export-dataset'!B8-'Export-dataset'!B7 -> -2021 | G6: ='Export-dataset'!B9-'Export-dataset'!B8 -> 7912 | H6: ='Export-dataset'!B10-'Export-dataset'!B9 -> 9582 | I6: ='Export-dataset'!B11-'Export-dataset'!B10 -> 1627 | J6: ='Export-dataset'!B12-'Export-dataset'!B11 -> -2187 | K6: ='Export-dataset'!B13-'Export-dataset'!B12 -> 9481
A7: 1 | B7: Beverages and tobacco | C7: ='Export-dataset'!M5-'Export-dataset'!M4 -> 352 | D7: ='Export-dataset'!M6-'Export-dataset'!M5 -> 346 | E7: ='Export-dataset'!M7-'Export-dataset'!M6 -> 205 | F7: ='Export-dataset'!M8-'Export-dataset'!M7 -> -299 | G7: ='Export-dataset'!M9-'Export-dataset'!M8 -> -760 | H7: ='Export-dataset'!M10-'Export-dataset'!M9 -> 49 | I7: ='Export-dataset'!M11-'Export-dataset'!M10 -> -24 | J7: ='Export-dataset'!M12-'Export-dataset'!M11 -> 631 | K7: ='Export-dataset'!M13-'Export-dataset'!M12 -> -113
A8: 2 | B8: Crude materials, inedible, except fuels | C8: ='Export-dataset'!P5-'Export-dataset'!P4 -> 15852 | D8: ='Export-dataset'!P6-'Export-dataset'!P5 -> 7406 | E8: ='Export-dataset'!P7-'Export-dataset'!P6 -> 29536 | F8: ='Export-dataset'!P8-'Export-dataset'!P7 -> 15553 | G8: ='Export-dataset'!P9-'Export-dataset'!P8 -> 46211 | H8: ='Export-dataset'!P10-'Export-dataset'!P9 -> -9883 | I8: ='Export-dataset'!P11-'Export-dataset'!P10 -> 14665 | J8: ='Export-dataset'!P12-'Export-dataset'!P11 -> -23373 | K8: ='Export-dataset'!P13-'Export-dataset'!P12 -> 1063
A9: 3 | B9: Mineral fuels, lubricants and related materials | C9: ='Export-dataset'!Z5-'Export-dataset'!Z4 -> 23447 | D9: ='Export-dataset'!Z6-'Export-dataset'!Z5 -> 31120 | E9: ='Export-dataset'!Z7-'Export-dataset'!Z6 -> 4019 | F9: ='Export-dataset'!Z8-'Export-dataset'!Z7 -> -37467 | G9: ='Export-dataset'!Z9-'Export-dataset'!Z8 -> 37574 | H9: ='Export-dataset'!Z10-'Export-dataset'!Z9 -> 124939 | I9: ='Export-dataset'!Z11-'Export-dataset'!Z10 -> -55785 | J9: ='Export-dataset'!Z12-'Export-dataset'!Z11 -> -24707 | K9: ='Export-dataset'!Z13-'Export-dataset'!Z12 -> -30661
A10: 4 | B10: Animal and vegetable oils, fats and waxes | C10: ='Export-dataset'!AD5-'Export-dataset'!AD4 -> 5 | D10: ='Export-dataset'!AD6-'Export-dataset'!AD5 -> -17 | E10: ='Export-dataset'!AD7-'Export-dataset'!AD6 -> -16 | F10: ='Export-dataset'!AD8-'Export-dataset'!AD7 -> 114 | G10: ='Export-dataset'!AD9-'Export-dataset'!AD8 -> 324 | H10: ='Export-dataset'!AD10-'Export-dataset'!AD9 -> 597 | I10: ='Export-dataset'!AD11-'Export-dataset'!AD10 -> -73 | J10: ='Export-dataset'!AD12-'Export-dataset'!AD11 -> -212 | K10: ='Export-dataset'!AD13-'Export-dataset'!AD12 -> 409
A11: 5 | B11: Chemicals and related products, nes | C11: ='Export-dataset'!AH5-'Export-dataset'!AH4 -> 276 | D11: ='Export-dataset'!AH6-'Export-dataset'!AH5 -> 1867 | E11: ='Export-dataset'!AH7-'Export-dataset'!AH6 -> 1461 | F11: ='Export-dataset'!AH8-'Export-dataset'!AH7 -> -879 | G11: ='Export-dataset'!AH9-'Export-dataset'!AH8 -> -1040 | H11: ='Export-dataset'!AH10-'Export-dataset'!AH9 -> 2523 | I11: ='Export-dataset'!AH11-'Export-dataset'!AH10 -> -1091 | J11: ='Export-dataset'!AH12-'Export-dataset'!AH11 -> 788 | K11: ='Export-dataset'!AH13-'Export-dataset'!AH12 -> -131
